age,customer_rank,arrears_count
41,10,3
40,80,0
34,100,0
33,100,0
27,100,0
28,70,0
41,50,0
21,90,0
34,100,0
51,100,4
35,110,0
45,70,0
22,3,3
55,50,0
32,120,0
26,90,0
48,110,0
51,80,0
26,3,7
36,110,0
26,10,7
78,3,0
35,5,4
34,60,0
30,0,5
55,100,0
31,70,0
36,50,0
45,100,0
30,110,0
32,3,0
24,30,0
41,100,0
44,70,0
30,70,0
48,3,4
61,50,0
26,50,0
0,100,0
29,100,0
41,0,5
0,100,0
23,20,1
47,30,1
37,110,0
38,5,0
71,100,0
34,10,5
42,80,0
27,50,0
25,100,0
75,30,0
50,90,0
83,50,0
35,50,0
41,100,0
23,3,4
46,70,0
41,30,0
49,30,0
46,100,0
51,3,3
43,70,0
40,60,0
34,100,0
28,100,0
29,90,0
22,90,0
25,60,0
0,20,1
66,100,0
40,70,0
19,20,1
15,20,0
27,50,0
18,20,0
36,100,0
26,10,3
31,120,0
17,20,0
45,90,0
51,100,0
54,5,0
49,100,0
46,170,0
58,90,0
28,80,0
41,50,0
33,70,0
55,100,0
32,70,0
55,100,0
25,100,0
27,60,0
21,60,0
22,70,0
44,100,0
63,40,1
37,100,0
33,100,0
21,50,0
16,0,6
24,10,9
20,0,0
19,100,0
21,100,5
42,100,0
24,60,0
51,80,0
51,90,0
32,90,0
23,5,6
24,130,0
57,50,2
42,90,0
16,20,0
58,90,0
63,50,0
67,100,0
37,100,0
40,80,0
39,100,0
10,2,0
42,60,0
14,20,0
37,3,3
40,100,0
30,70,0
61,50,0
23,100,0
59,100,0
51,1,7
43,100,0
32,80,0
25,80,0
25,110,0
43,50,0
21,90,0
42,90,0
55,80,0
22,5,4
26,3,0
64,50,0
57,100,0
66,50,0
36,110,0
37,70,0
15,20,0
42,110,0
54,50,0
33,100,0
45,10,1
26,110,0
46,170,0
39,20,3
29,100,0
39,50,1
43,110,0
45,80,0
53,90,0
26,100,0
53,90,0
40,0,4
37,100,0
47,3,3
43,100,0
37,100,0
53,30,0
53,80,0
17,20,0
66,50,0
19,10,1
33,100,0
60,100,0
46,100,0
28,90,0
46,100,0
47,70,0
40,90,0
68,50,0
27,100,0
47,50,0
58,100,0
15,20,0
45,150,0
36,100,0
54,60,0
39,100,0
54,100,0
44,90,0
44,110,0
51,100,0
28,100,0
36,100,3
65,100,0
18,20,0
16,20,0
35,50,0
24,0,4
44,100,0
50,60,0
19,100,0
28,60,0
72,50,0
34,80,0
44,60,0
39,100,1
51,5,0
31,10,0
22,50,0
19,100,0
53,100,0
55,70,0
33,90,0
40,100,0
75,50,0
74,50,0
21,50,0
55,50,0
52,110,0
65,100,0
51,100,0
12,20,0
39,10,3
31,100,0
34,100,0
66,3,5
32,50,0
27,60,0
47,3,0
42,70,0
45,40,0
43,50,0
33,100,0
20,80,0
37,0,1
42,60,0
42,20,2
55,70,0
34,20,0
49,100,0
46,5,9
51,3,9
49,100,0
52,50,0
64,100,3
57,60,0
42,80,0
29,100,0
30,100,0
34,100,0
47,50,0
22,10,7
36,5,0
36,110,0
46,50,0
19,30,0
48,10,1
19,100,0
25,100,1
16,0,8
24,100,0
48,5,0
30,30,1
67,5,0
46,130,0
12,20,0
29,100,0
65,30,0
47,100,0
24,90,0
22,100,0
63,50,0
55,10,2
35,10,3
50,60,0
22,100,0
36,80,0
33,70,0
37,100,0
31,90,0
15,20,0
29,10,6
36,0,5
45,10,2
63,100,0
19,110,0
57,90,0
47,110,0
42,100,0
31,100,0
41,100,0
59,100,0
55,90,0
48,100,0
40,50,0
22,70,0
36,100,0
35,40,2
15,0,3
19,100,0
29,100,0
26,50,1
26,50,0
28,1,5
48,100,0
35,50,0
21,90,0
37,30,2
39,50,0
48,100,0
24,40,0
24,100,7
36,70,0
20,60,0
52,10,5
46,100,0
61,100,0
55,110,0
55,60,0
40,100,0
21,70,0
59,0,9
31,30,1
28,10,5
48,100,0
47,50,0
24,5,0
45,30,0
22,80,0
47,50,0
43,30,0
48,120,0
48,20,2
44,130,0
25,100,0
31,5,0
65,50,0
0,60,0
44,90,0
30,70,0
16,100,0
46,100,0
46,90,0
46,80,0
23,80,0
53,100,0
27,100,0
69,3,10
35,60,0
58,90,0
30,0,8
2,2,2
57,70,0
33,130,0
61,50,0
53,5,0
35,100,0
66,50,0
40,100,0
39,100,0
31,70,0
43,0,8
16,100,0
18,100,4
63,50,0
44,50,0
16,20,0
52,100,0
39,80,0
36,100,0
60,50,0
28,60,0
41,80,0
25,3,3
25,80,0
17,20,0
25,30,0
18,20,0
38,80,0
52,90,0
27,110,0
49,110,0
32,80,0
55,40,0
36,100,0
17,100,0
50,70,0
43,60,0
38,50,0
35,100,0
71,50,0
28,70,0
22,50,0
50,30,3
25,3,8
51,50,0
48,120,0
51,100,0
37,100,0
16,20,0
26,110,0
25,40,1
4,100,0
28,60,0
58,5,0
42,120,0
43,80,0
39,90,0
25,90,0
85,100,0
46,60,0
40,5,0
56,80,0
49,90,0
46,50,0
30,100,0
23,10,2
60,10,1
60,50,0
19,60,0
38,90,0
7,100,0
66,50,0
15,20,0
51,30,0
38,100,0
37,100,0
26,10,4
57,80,0
63,0,7
21,30,0
18,20,0
68,50,0
21,40,2
14,20,0
56,90,0
49,100,0
17,100,0
49,130,0
54,130,0
31,100,0
43,100,0
72,50,0
48,90,0
26,3,6
29,130,0
45,20,0
30,100,0
43,30,0
28,60,0
51,60,0
25,80,0
26,60,0
57,70,0
59,100,0
17,10,3
23,70,0
40,100,0
42,20,1
41,90,0
54,100,0
69,30,0
31,90,0
55,110,0
27,100,0
54,100,0
36,100,0
40,100,0
32,110,0
56,50,0
15,100,0
41,110,0
37,160,0
48,80,0
37,100,0
49,90,0
48,60,0
50,30,1
42,10,1
40,100,0
53,5,4
20,30,1
28,50,0
45,90,0
58,130,0
25,100,0
30,100,0
15,20,0
35,110,0
0,60,0
41,5,0
36,70,0
58,50,0
50,40,1
28,70,0
67,50,0
32,80,0
45,90,0
34,100,0
46,100,0
73,5,0
34,90,0
48,50,0
20,80,0
21,90,0
32,100,0
19,70,0
31,100,0
25,80,0
42,110,0
50,110,0
25,70,0
44,10,3
33,30,2
46,90,0
29,50,0
46,50,0
27,100,1
33,80,0
41,0,9
39,60,0
41,90,0
9,2,0
35,80,0
59,50,0
37,10,3
43,100,0
47,70,0
19,5,0
55,90,0
37,30,1
49,100,0
33,10,4
15,20,0
34,70,0
10,2,0
61,50,0
37,50,0
24,100,0
22,1,6
32,100,0
45,80,0
30,100,0
35,50,0
41,40,0
52,10,9
24,100,0
34,110,0
40,100,0
32,80,0
41,90,0
50,60,0
20,50,0
51,100,0
31,100,0
63,60,0
48,100,0
48,90,0
62,50,0
22,90,0
32,20,4
14,20,0
61,50,1
23,50,0
37,30,0
31,60,0
37,100,0
20,10,5
21,50,0
37,90,0
59,50,0
33,90,0
58,70,0
27,80,0
35,70,0
37,70,0
37,50,0
61,100,3
12,20,0
23,40,1
43,70,1
47,80,0
21,100,0
38,100,0
45,100,0
58,50,0
3,100,0
40,100,0
63,50,0
40,100,0
62,30,0
25,100,0
53,70,0
67,50,0
55,100,0
49,3,8
38,60,0
43,3,9
32,90,0
50,70,0
19,3,4
18,20,0
44,3,8
49,70,0
49,10,6
53,100,0
37,110,0
51,130,0
49,100,0
37,60,0
52,100,0
0,100,0
26,60,0
33,100,0
55,30,0
14,10,0
43,10,0
54,10,4
29,5,0
39,100,0
25,80,0
63,50,0
37,80,0
25,60,0
24,60,0
31,90,0
28,100,0
34,100,0
45,100,0
48,3,9
58,30,0
34,50,0
54,90,0
53,30,0
22,80,0
33,40,0
48,70,0
48,10,7
48,50,0
50,40,0
28,70,0
29,70,0
24,70,0
69,50,0
62,50,0
31,100,0
34,100,4
47,90,0
20,10,3
29,90,0
42,40,0
22,0,2
14,100,0
28,60,0
35,90,0
29,10,3
77,50,0
57,100,0
47,130,0
63,30,0
37,70,0
26,100,3
32,80,0
35,3,3
40,100,0
49,140,0
25,50,0
47,3,10
36,90,0
51,90,0
38,100,0
54,60,0
61,10,4
36,80,0
54,90,0
38,100,0
62,50,0
43,80,0
19,60,0
21,90,0
27,100,0
39,50,0
21,80,0
18,20,0
31,10,6
49,90,0
44,100,5
71,5,0
28,90,0
31,10,2
25,50,0
43,50,3
15,20,0
40,110,0
46,50,0
68,140,0
19,100,0
40,90,0
31,110,0
48,100,2
34,90,0
24,80,0
31,5,4
45,40,0
12,130,0
48,70,0
45,100,0
45,40,0
12,5,0
21,0,3
27,80,0
12,20,0
19,60,0
27,30,0
37,120,0
58,60,0
55,0,3
16,100,6
42,90,0
43,60,0
71,50,0
35,60,0
25,100,0
45,70,0
19,20,0
49,60,0
34,60,0
15,20,0
71,40,0
30,90,0
68,3,5
20,100,0
20,40,0
19,100,0
22,90,0
35,110,0
40,50,0
57,100,0
32,90,0
43,60,0
26,3,8
29,90,0
76,3,0
41,110,0
71,30,0
75,3,3
24,80,0
27,10,6
44,170,0
14,20,0
49,100,0
27,100,0
27,20,2
17,70,0
22,100,0
42,5,0
48,100,0
0,20,0
18,20,0
59,60,0
37,100,0
49,170,0
24,90,0
35,60,0
31,100,8
48,60,0
37,100,0
29,80,0
17,20,0
25,50,0
43,90,0
23,100,8
15,20,0
20,50,0
36,80,0
15,20,0
35,100,3
16,20,0
25,110,0
65,50,0
39,70,0
40,100,0
30,50,0
33,30,1
42,50,0
29,70,0
38,100,0
27,40,1
30,100,0
47,60,0
36,3,3
47,30,1
51,70,0
20,90,0
44,100,1
33,100,0
23,60,0
43,100,0
25,90,0
35,110,0
44,100,0
31,60,0
46,30,0
24,0,0
30,70,0
22,110,0
26,100,0
51,10,2
16,100,0
28,110,0
6,2,0
19,100,0
22,60,0
52,50,0
23,100,3
42,100,0
40,100,6
54,50,0
49,130,0
48,100,0
55,100,0
71,50,0
46,30,0
23,40,0
59,3,7
56,5,0
45,110,0
51,100,0
29,50,0
56,90,0
17,20,0
52,50,0
28,80,0
30,90,0
48,100,0
59,50,0
16,20,0
24,100,0
34,100,3
34,50,1
59,40,0
54,100,0
23,40,0
26,50,0
21,70,0
20,100,0
26,10,4
55,30,0
30,50,0
13,20,0
67,50,0
22,3,0
47,3,8
35,30,2
41,30,3
53,100,0
32,10,7
52,100,0
38,70,0
25,50,0
61,100,0
33,110,0
57,90,0
59,100,0
26,3,6
21,3,3
27,20,1
60,100,0
48,100,0
54,90,0
44,50,0
47,60,0
29,5,6
48,0,10
56,3,3
50,100,0
54,100,0
32,100,0
37,100,0
39,100,0
75,50,0
46,40,0
30,100,3
42,100,0
22,100,0
23,100,0
30,50,0
21,100,0
29,50,0
48,80,0
43,60,0
22,100,0
59,100,0
75,100,0
49,60,0
39,70,0
20,100,0
17,20,0
27,50,0
49,120,0
25,60,0
30,70,0
31,1,9
27,60,0
55,50,0
58,10,1
37,3,9
35,1,4
40,100,0
43,20,0
25,100,0
67,50,0
24,110,0
51,80,0
39,40,0
48,10,7
39,50,0
52,60,0
67,100,3
44,100,0
41,60,0
27,90,0
41,60,0
16,20,0
70,50,0
41,90,0
32,3,3
50,100,0
54,0,4
23,80,0
65,100,0
36,90,0
25,50,0
40,70,0
18,10,3
29,70,0
30,10,1
61,50,0
21,100,0
29,90,0
47,80,0
27,50,0
27,110,0
22,30,1
48,100,0
32,40,0
17,20,0
38,80,0
64,100,0
65,50,0
36,30,0
45,100,0
16,20,0
41,80,0
28,60,0
44,100,0
25,30,1
26,70,1
52,3,9
28,70,0
25,80,0
45,100,0
37,40,4
0,50,0
40,80,0
23,70,0
16,100,0
28,5,8
63,50,0
12,100,0
35,100,1
44,100,0
68,50,0
27,100,0
39,100,0
40,100,0
25,100,0
46,80,0
37,60,0
46,90,0
33,100,0
25,50,0
38,90,0
7,2,0
32,100,0
13,5,0
45,0,9
1,2,0
56,90,0
27,40,0
35,30,2
47,90,0
26,30,0
75,100,3
15,5,0
20,110,0
57,30,2
66,30,0
26,80,0
28,90,0
35,50,0
67,30,0
26,70,0
29,30,0
32,50,0
42,3,3
50,50,0
30,50,1
42,30,0
23,10,7
1,2,0
33,100,0
19,10,8
41,10,5
43,100,0
22,50,0
35,70,0
30,20,0
46,100,0
53,30,0
30,100,0
55,110,0
54,100,0
24,100,0
26,100,0
37,60,0
15,100,0
72,30,0
35,80,0
35,10,4
40,100,0
69,50,0
27,60,0
61,5,0
44,80,0
44,110,0
30,100,0
56,150,0
23,110,0
63,100,1
66,50,0
47,110,0
17,20,0
57,30,1
18,0,0
18,20,0
20,0,6
39,100,0
27,20,1
23,70,0
65,50,1
52,40,2
36,80,0
28,100,7
20,20,0
66,50,0
50,110,0
46,30,0
25,30,0
21,5,1
19,3,7
18,20,0
35,50,0
66,50,0
50,30,0
41,100,0
37,90,0
48,130,0
36,50,0
35,80,0
38,70,0
28,80,0
44,100,0
52,70,0
25,90,0
18,70,0
51,90,0
39,70,0
44,50,0
23,0,7
38,100,0
34,100,0
30,100,1
41,160,0
17,20,0
73,3,3
44,90,0
13,3,0
33,60,0
47,100,0
60,50,0
31,70,0
33,60,0
61,50,0
61,50,0
22,0,4
60,30,0
73,50,0
25,80,0
36,100,0
35,50,0
37,0,0
31,140,0
59,100,0
58,50,0
39,30,1
35,100,0
23,100,0
30,100,0
39,90,0
33,50,0
24,50,0
58,5,0
68,50,0
27,100,0
59,50,0
65,50,0
74,100,4
23,30,0
67,50,0
72,100,0
25,50,0
43,10,8
36,50,0
43,100,0
31,90,0
23,100,0
17,100,0
15,20,0
41,130,0
52,90,0
49,100,0
27,5,0
47,50,0
66,50,0
55,90,0
36,30,0
29,70,0
38,80,0
48,135,0
43,100,0
29,10,7
40,100,0
25,80,0
0,70,0
27,100,0
55,100,0
23,50,1
33,70,0
29,40,1
12,0,0
43,50,0
34,100,0
53,50,0
13,20,0
58,10,4
55,3,5
62,50,0
40,140,0
29,50,0
20,50,0
41,0,10
64,50,0
21,100,0
4,2,0
23,60,0
41,70,0
52,50,0
60,50,0
32,80,0
24,50,0
46,100,0
43,70,0
39,80,0
27,120,0
52,70,0
34,90,0
25,100,0
22,100,3
41,100,0
28,100,0
51,100,0
47,10,9
28,60,0
41,20,3
46,50,0
62,100,0
55,90,0
34,80,0
18,60,0
35,100,0
63,50,0
69,3,10
30,50,0
41,60,0
17,3,3
52,100,0
38,40,1
41,90,0
67,50,0
32,110,0
23,50,0
34,60,0
40,80,0
59,50,0
48,70,0
62,50,0
39,100,0
26,60,0
60,200,0
20,20,0
47,100,3
50,100,0
17,100,0
32,80,0
48,70,0
50,100,0
44,60,0
39,90,0
30,50,0
19,10,6
48,110,0
35,70,0
42,40,0
31,100,0
34,0,3
42,80,0
49,100,0
32,60,0
37,60,0
24,3,3
26,100,0
32,60,0
57,60,0
63,5,0
22,3,0
43,100,0
40,40,0
21,100,0
25,70,0
40,100,0
48,50,0
28,100,7
29,3,4
57,110,0
66,50,0
25,70,0
42,120,0
27,30,1
27,40,0
999,80,0
50,70,0
26,50,0
23,100,0
47,130,0
45,110,0
14,20,0
29,100,7
20,100,0
45,100,0
26,110,0
35,100,3
35,0,3
33,50,0
999,40,0
27,0,7
43,0,3
23,70,0
33,50,0
36,70,0
18,100,0
0,50,0
19,10,8
19,3,7
47,80,0
47,100,3
27,100,0
48,90,0
41,50,0
49,110,0
43,30,0
0,90,0
32,40,0
28,70,0
31,0,8
49,110,0
44,100,0
29,60,2
43,90,0
40,60,0
70,50,0
50,50,0
38,90,0
25,100,0
50,40,1
64,50,0
22,100,0
35,80,0
50,80,0
48,140,0
48,3,7
49,100,0
27,60,0
38,100,0
42,20,2
29,100,0
35,100,0
27,100,0
35,120,0
34,90,0
25,30,1
43,60,0
22,100,0
28,100,3
39,3,2
29,70,0
61,50,0
27,100,0
42,100,0
25,60,0
36,90,0
22,100,0
64,10,0
68,50,0
37,100,0
65,10,6
29,110,0
23,50,0
57,60,0
62,100,1
54,100,0
18,20,0
52,110,0
23,50,0
54,100,0
45,3,7
44,40,1
48,100,1
30,50,0
38,70,0
21,50,0
45,90,0
23,40,1
43,10,7
14,20,0
26,60,0
45,110,0
35,70,0
23,50,0
25,80,0
42,100,0
24,110,0
62,50,0
32,100,0
45,30,0
22,100,0
31,110,0
71,50,0
36,5,0
33,80,0
29,40,0
48,3,0
51,90,0
31,100,0
28,80,0
61,100,0
76,100,0
46,90,0
23,0,3
32,0,5
34,100,0
34,110,0
35,50,0
26,100,0
24,90,0
48,90,0
25,40,0
51,100,0
59,100,0
28,80,0
5,2,0
25,50,0
20,100,0
41,0,4
24,100,0
53,100,0
51,50,1
33,100,8
32,100,1
42,100,0
37,100,0
42,70,0
24,0,6
61,50,0
66,50,0
29,0,6
31,70,0
64,40,1
27,80,0
61,50,0
18,3,8
24,100,3
36,70,0
26,20,1
25,0,0
29,30,0
37,130,0
46,100,8
22,0,2
46,100,0
81,50,0
46,80,0
39,100,0
42,100,0
78,5,0
67,3,7
28,50,0
27,10,2
27,40,1
0,100,0
30,60,0
0,50,0
45,80,0
24,50,0
36,30,0
57,130,0
37,100,0
61,100,0
57,70,0
28,70,0
62,100,0
34,3,3
35,100,0
33,70,0
42,0,0
24,50,0
31,100,0
26,100,0
23,110,0
57,80,0
31,3,10
31,80,0
33,100,0
34,5,0
44,60,0
25,50,1
52,100,0
23,50,0
38,80,0
46,110,0
34,0,1
48,70,0
21,50,0
28,100,0
22,100,0
32,100,0
38,3,3
5,2,0
26,60,0
35,70,0
30,90,0
44,80,0
42,10,1
30,80,0
65,100,0
30,80,0
56,60,0
26,100,0
67,30,0
53,90,0
65,50,0
46,100,0
45,90,0
23,80,0
36,50,0
40,30,1
64,50,0
34,100,0
999,3,0
20,100,1
49,80,0
35,10,3
46,70,0
23,90,0
29,100,0
46,110,0
34,100,0
53,100,7
35,100,0
37,60,0
33,50,0
46,5,9
58,90,0
23,80,0
35,0,7
26,50,0
22,100,0
56,3,1
30,100,0
23,90,0
66,100,0
45,100,0
0,20,0
53,60,0
34,100,0
17,20,0
56,100,0
12,20,0
50,10,1
57,3,7
43,100,0
38,120,0
58,90,0
25,100,0
26,50,4
33,100,0
21,3,7
59,0,7
37,10,5
41,90,0
37,100,0
22,100,0
47,90,0
32,50,0
49,5,0
21,50,0
29,60,0
24,30,0
0,50,0
23,90,0
35,60,0
20,80,0
51,30,0
47,100,0
24,100,0
52,100,0
66,50,0
45,50,0
30,110,0
18,20,0
50,80,0
35,80,0
25,90,0
60,40,1
41,30,0
30,70,0
43,100,0
17,20,0
53,150,0
37,3,3
61,50,0
23,50,0
24,70,0
36,100,0
56,50,0
61,50,0
26,3,8
39,20,2
55,3,2
30,100,0
42,120,0
47,100,0
77,30,0
45,100,0
20,50,0
37,110,0
45,80,0
31,80,0
32,5,10
55,100,4
29,110,0
33,90,0
28,5,0
45,110,0
46,80,0
45,100,0
34,50,0
52,120,0
48,50,0
38,50,0
30,100,0
57,70,0
47,70,0
12,20,0
21,90,0
46,100,0
60,50,0
56,100,0
22,50,3
56,60,0
49,5,4
33,60,0
54,90,0
41,70,0
25,60,0
66,50,0
67,50,0
27,50,0
16,20,0
36,100,0
43,5,0
34,30,0
39,90,0
26,50,0
44,50,0
19,50,0
25,100,0
29,100,0
42,130,0
42,100,0
54,20,4
54,50,0
50,90,0
52,60,0
69,50,0
63,100,0
44,30,0
39,30,0
48,50,0
40,80,0
47,100,0
23,5,0
14,20,0
17,100,0
34,80,0
44,100,0
43,100,0
31,10,2
69,100,3
41,120,0
26,100,0
55,100,0
28,5,4
21,30,0
37,100,0
45,30,0
45,3,7
24,100,0
29,100,3
39,70,0
40,90,0
34,90,0
28,30,0
42,100,0
36,70,0
25,110,0
22,50,0
30,60,0
22,50,0
25,100,0
46,30,0
26,70,0
48,60,7
34,100,9
47,50,0
59,50,0
48,90,0
26,3,0
27,40,1
45,3,6
49,5,0
36,100,0
28,70,0
26,70,0
25,50,0
25,80,0
52,100,0
16,20,0
31,80,0
999,40,2
21,100,0
23,80,0
20,3,4
25,70,0
24,50,0
50,110,0
34,100,3
24,60,0
28,100,0
54,100,0
26,70,0
31,100,0
36,140,0
30,90,0
40,3,8
25,50,0
30,80,0
17,20,0
57,60,0
28,90,0
50,100,0
25,80,0
43,3,4
34,30,0
33,60,0
27,0,3
43,3,3
18,20,0
54,10,0
18,20,0
43,100,0
32,90,0
33,80,0
35,50,0
43,100,0
26,50,0
40,100,0
51,60,0
51,100,0
34,90,0
32,0,8
20,80,0
37,80,0
40,80,0
55,80,0
58,50,0
34,100,0
68,50,0
7,2,0
17,20,0
32,80,1
42,80,0
23,70,0
51,20,4
25,40,2
52,50,0
49,60,0
26,90,0
30,50,1
38,100,0
51,100,0
48,60,0
28,50,0
62,50,0
33,0,3
33,50,0
53,110,0
48,70,0
39,30,0
36,120,0
37,50,0
41,100,0
25,5,0
47,5,0
50,100,0
65,100,0
28,100,0
43,50,0
44,80,0
31,90,0
42,90,0
44,100,1
18,100,0
34,90,0
16,20,2
55,100,0
52,70,0
57,150,0
43,100,0
46,50,0
43,100,0
55,130,1
47,100,0
43,70,0
40,10,0
21,70,0
35,100,0
32,100,0
56,30,0
11,2,2
36,100,0
49,50,0
23,20,5
18,3,0
25,110,0
26,80,0
42,80,0
51,0,7
20,10,1
58,50,0
51,100,0
67,50,0
49,100,0
45,100,0
39,0,7
25,100,0
32,100,0
27,60,0
66,50,0
59,50,0
10,2,0
47,100,0
52,100,0
39,70,0
17,20,0
29,5,10
31,100,0
24,60,0
20,3,9
62,100,3
22,3,4
49,100,0
27,30,0
34,0,8
29,100,0
23,100,0
29,100,0
35,20,4
35,100,0
66,50,0
49,30,4
50,0,5
30,80,0
37,100,0
54,50,0
34,80,0
17,20,0
43,50,0
50,0,10
36,140,0
36,100,0
60,50,0
23,70,0
31,90,0
59,80,0
36,3,3
42,70,0
59,50,0
54,90,0
21,5,6
15,20,0
32,60,0
22,50,0
0,40,0
41,100,1
68,50,1
39,100,0
48,60,0
30,50,0
19,3,7
73,50,0
27,50,0
40,60,0
36,100,0
31,100,0
65,50,0
32,70,0
64,50,0
45,50,0
32,100,0
18,20,0
36,60,0
28,90,0
29,100,0
53,100,0
15,20,0
23,110,0
22,50,0
68,50,0
18,10,3
47,50,0
27,110,0
52,3,5
25,3,3
31,50,0
38,50,0
57,100,0
41,90,0
46,110,0
25,3,6
56,100,3
39,70,0
27,100,0
42,100,8
44,100,0
60,50,0
45,100,0
49,110,0
72,30,0
34,90,0
31,50,0
19,20,0
69,50,0
33,50,0
58,50,0
75,30,0
48,50,0
62,100,0
18,20,0
23,3,9
35,140,0
32,40,1
27,3,4
56,80,0
25,90,0
43,100,0
31,100,0
29,60,0
60,70,0
25,3,3
14,5,2
27,150,0
61,50,0
33,30,0
24,0,7
38,100,0
18,100,0
55,90,0
41,100,0
78,50,0
47,70,0
37,80,0
24,50,0
47,40,0
35,90,0
19,80,0
24,50,0
41,50,0
22,90,0
18,20,0
36,3,2
22,50,0
30,10,2
23,3,9
33,100,1
47,3,3
26,50,0
31,10,0
27,3,0
30,70,0
23,100,0
43,3,10
28,3,0
47,50,0
69,50,0
23,100,3
37,60,1
34,100,0
30,3,7
26,100,0
36,100,0
55,100,0
0,70,0
20,20,0
17,5,3
84,3,3
18,60,0
47,60,0
40,50,0
63,50,0
32,100,0
7,100,0
34,3,0
74,30,0
18,100,0
18,100,0
37,130,0
66,50,0
34,100,0
72,10,5
38,100,0
43,100,0
60,50,0
54,20,2
37,90,0
35,100,0
23,100,0
42,70,0
50,10,7
41,60,0
26,100,0
25,90,0
18,3,9
2,110,0
41,70,0
71,50,0
43,70,0
22,60,0
24,100,0
58,60,0
9,100,0
44,150,0
20,3,3
65,30,0
37,60,0
35,50,0
48,110,0
43,60,0
39,100,0
56,100,0
47,100,0
24,30,1
30,30,2
23,0,1
58,100,0
21,100,0
33,60,0
32,50,0
34,100,0
13,20,0
50,50,0
21,5,0
50,60,0
52,70,0
49,60,0
19,20,0
32,50,0
69,5,0
33,40,1
56,100,0
38,100,0
55,70,0
19,10,2
55,100,0
52,10,1
39,70,0
28,30,0
45,110,0
39,100,0
34,140,0
13,20,0
29,80,0
44,10,2
68,50,0
24,100,0
54,3,6
52,80,0
27,100,0
44,0,6
34,3,9
42,80,0
999,100,0
32,100,0
50,70,0
36,50,0
51,100,5
28,80,0
48,100,0
61,30,0
47,50,0
40,50,0
49,100,0
61,100,0
38,30,0
27,90,0
47,170,0
29,100,0
39,10,7
46,20,0
50,100,0
57,50,0
46,30,0
29,30,1
64,50,0
31,80,0
53,100,0
18,70,0
47,110,0
32,80,0
47,110,0
62,100,0
19,20,0
54,90,0
23,80,0
48,100,1
25,50,2
59,80,0
22,5,5
55,50,0
24,70,0
33,100,0
77,50,0
25,90,0
22,3,3
11,20,0
21,70,0
34,100,0
50,100,0
37,100,0
38,100,0
4,100,0
41,100,0
53,10,3
40,50,1
48,100,1
57,60,0
16,100,0
76,50,0
8,2,0
51,70,0
49,80,0
24,80,0
37,20,4
28,100,0
55,90,0
31,70,0
27,90,0
41,110,0
43,50,0
33,100,0
24,140,0
27,3,7
27,70,0
50,30,0
22,80,0
64,50,0
49,100,0
25,70,0
18,20,0
15,20,0
42,80,0
40,100,0
56,140,0
36,40,2
22,100,0
43,100,3
30,100,3
49,50,0
48,80,0
45,90,0
21,100,0
39,100,0
27,10,6
36,60,0
42,50,0
48,0,0
18,100,4
57,3,3
999,100,0
45,130,0
19,0,0
20,130,0
70,50,0
39,110,0
22,60,0
36,90,0
26,60,0
32,50,0
76,100,0
18,100,0
64,50,0
56,110,0
35,100,0
19,10,2
38,3,6
26,0,4
51,30,0
17,3,3
19,90,0
70,50,0
39,50,0
13,20,0
44,100,0
12,100,0
64,50,0
37,120,0
66,50,0
39,20,0
29,60,0
20,70,0
50,140,0
47,90,0
46,50,0
49,60,0
50,80,0
49,100,0
4,2,0
26,40,0
30,130,0
18,20,0
52,100,0
25,110,0
52,100,0
23,100,0
33,30,2
46,60,0
25,100,0
48,100,0
26,30,0
14,20,0
22,30,0
26,10,6
39,100,3
15,100,0
55,50,0
43,10,4
22,80,0
32,100,0
33,20,2
29,10,0
43,100,0
43,100,0
38,3,3
59,120,0
28,50,0
23,10,2
56,50,0
43,3,4
15,20,0
55,50,0
16,20,0
38,150,0
32,70,0
37,50,0
70,50,0
0,50,0
37,120,0
51,10,7
50,10,5
28,50,0
8,100,3
20,3,0
27,40,3
26,0,3
32,100,0
47,110,0
60,50,0
67,50,0
42,110,0
57,100,0
22,60,0
29,100,0
66,50,0
62,50,0
35,100,0
43,80,0
46,100,0
58,50,0
35,50,0
20,50,0
29,50,0
25,100,0
37,100,5
24,90,0
29,30,3
27,3,9
27,0,0
31,100,0
50,80,0
31,3,3
35,90,0
31,80,0
40,110,0
22,70,0
54,80,0
55,50,0
40,100,0
55,100,0
50,3,3
61,3,3
46,50,0
25,100,0
22,80,0
26,100,0
36,100,0
28,60,0
43,50,0
57,140,0
20,60,0
23,100,0
45,100,0
40,30,0
31,60,0
44,50,2
30,50,0
39,70,0
43,100,0
68,50,0
35,80,0
21,30,0
21,60,0
49,100,0
49,90,0
46,100,0
24,3,8
39,110,0
34,90,0
53,60,0
36,90,0
26,70,0
45,50,0
42,100,0
37,3,3
52,3,10
45,70,0
44,80,0
58,100,0
67,50,0
73,50,0
22,30,0
30,90,0
58,50,0
46,80,0
41,5,0
45,70,0
65,10,2
30,100,0
52,110,0
27,30,0
37,30,0
40,130,0
26,70,0
20,10,3
40,60,0
57,100,0
999,60,0
53,50,0
20,20,0
20,100,0
28,90,0
42,50,0
49,100,3
28,100,0
48,60,0
57,70,0
58,100,0
51,100,0
46,90,0
24,20,0
40,100,0
70,100,0
20,40,0
37,90,0
58,90,0
25,90,0
32,100,3
22,50,0
44,10,7
35,40,1
45,100,1
20,20,0
41,110,0
36,100,0
25,40,3
51,100,1
35,80,0
63,50,0
56,50,0
0,90,0
30,90,0
27,100,0
31,120,0
22,50,0
38,110,0
47,90,0
41,50,0
53,90,0
45,40,0
16,20,0
40,100,0
48,20,1
58,110,0
24,60,0
43,100,3
22,110,0
30,100,0
48,150,0
25,50,0
29,100,0
20,100,0
24,50,0
51,40,1
47,120,0
26,50,0
50,100,0
48,80,0
42,90,0
59,5,0
41,110,0
27,150,0
30,90,0
47,30,0
27,90,0
28,100,0
44,40,0
61,50,0
41,20,0
30,100,0
45,50,0
50,90,0
27,70,0
33,70,0
39,100,0
36,50,0
34,100,0
46,100,0
61,50,0
33,90,0
41,30,0
22,30,0
71,5,0
11,20,0
33,90,0
54,80,0
21,3,7
44,30,1
40,3,7
19,90,0
25,100,0
26,80,0
59,120,0
39,80,0
24,50,0
30,50,0
20,50,0
23,180,0
60,10,0
38,100,0
29,50,0
46,180,0
29,80,0
32,110,0
32,50,0
45,10,4
54,110,0
29,60,3
29,5,0
38,60,0
39,100,0
25,100,0
37,60,0
999,3,0
52,20,0
25,110,0
39,100,0
38,40,0
15,100,0
37,90,0
65,50,0
44,30,0
60,80,0
27,100,0
25,50,0
63,50,0
43,100,0
66,50,0
53,80,0
25,90,0
41,0,3
21,80,0
48,40,1
30,100,0
0,50,0
29,120,0
46,80,0
59,50,0
10,2,0
59,100,0
29,80,0
56,90,0
32,100,0
51,30,0
40,100,0
49,70,0
47,60,0
16,20,0
37,50,0
60,60,0
43,150,0
0,100,10
38,100,0
56,90,0
25,90,0
26,30,0
81,50,0
33,90,0
40,100,0
15,20,0
43,100,0
34,50,0
38,100,0
31,100,0
38,100,0
49,30,0
29,50,0
50,100,7
24,100,0
36,30,3
19,100,0
40,100,0
47,10,7
29,100,0
33,110,0
63,0,4
58,100,0
25,100,1
27,10,6
43,100,0
16,100,0
42,80,0
28,100,3
61,50,0
50,20,0
18,20,0
23,60,0
33,70,0
36,100,0
37,100,0
35,90,0
47,110,0
34,100,0
22,50,0
40,100,0
31,40,0
37,100,0
34,50,0
24,50,0
24,10,0
24,90,0
29,80,0
12,5,0
56,120,0
27,100,0
52,100,0
41,3,7
25,90,0
41,100,0
35,110,0
27,80,0
60,70,0
29,100,0
19,80,0
29,80,0
26,50,0
73,50,0
57,80,0
44,100,0
47,60,0
28,80,0
47,50,0
16,20,0
999,100,0
21,60,0
41,10,0
46,10,1
20,70,0
7,2,0
46,3,3
53,80,0
46,50,0
24,50,0
39,100,0
46,50,0
42,30,0
38,80,0
57,110,0
49,130,0
34,90,0
52,70,0
45,30,0
51,3,9
28,70,0
28,70,0
65,50,0
44,3,3
34,80,0
20,20,0
30,100,0
28,100,0
48,100,0
25,70,0
46,80,0
22,3,6
31,100,0
52,90,0
41,90,0
20,30,0
34,100,0
52,100,0
48,80,0
25,30,0
33,100,0
52,50,0
74,50,0
31,50,0
47,0,3
32,90,0
57,90,0
44,90,0
15,20,0
27,100,1
31,110,0
36,30,0
21,0,4
60,50,0
0,3,0
52,100,0
39,100,0
27,90,0
60,50,0
38,100,0
27,60,0
14,20,0
33,50,0
22,100,0
28,100,0
25,90,0
54,110,0
68,100,0
62,50,0
50,60,0
52,110,0
47,100,0
29,90,0
21,90,0
31,90,0
25,100,0
31,60,0
38,90,0
26,60,0
45,100,0
999,1,0
30,50,0
43,5,5
20,30,0
0,80,0
46,80,0
26,100,0
26,3,3
55,100,0
39,90,0
70,40,0
21,90,0
26,100,1
16,50,0
23,100,9
56,120,0
34,100,0
50,3,0
51,0,3
34,50,0
24,60,0
29,100,0
41,100,0
0,50,0
20,30,1
29,10,6
48,90,0
59,30,0
47,10,2
62,10,1
69,50,0
37,100,0
42,90,0
23,90,0
23,100,0
46,20,0
40,90,0
25,90,0
21,50,0
27,90,0
33,90,0
56,100,0
30,100,0
50,3,0
32,40,1
68,100,0
32,100,0
8,2,0
39,100,0
15,1,6
28,100,0
58,50,0
41,100,0
45,100,0
47,20,3
35,50,0
58,30,0
75,30,0
37,90,0
62,40,3
47,100,0
48,30,0
30,90,0
44,40,0
22,20,0
57,40,0
42,100,0
34,40,1
42,100,0
24,100,1
57,100,0
50,30,0
42,90,0
26,90,0
21,110,0
38,120,0
52,80,0
20,20,0
79,5,0
30,110,0
30,50,1
34,60,0
43,60,0
22,80,0
86,40,0
46,100,0
50,50,0
40,100,0
48,100,6
51,80,0
53,80,0
36,70,0
33,100,0
49,100,0
21,110,0
20,50,0
36,100,0
19,90,0
21,100,0
48,10,1
61,50,0
45,20,0
24,40,0
56,90,0
71,50,0
29,60,0
29,5,0
72,50,0
36,5,4
24,5,0
68,50,0
34,30,0
28,100,0
37,3,7
0,70,0
38,70,0
28,20,2
40,70,0
43,70,0
29,70,0
54,70,0
42,100,0
29,30,1
51,40,1
20,80,0
49,10,8
31,70,0
43,100,0
43,50,0
50,100,0
27,100,0
48,90,0
35,0,3
62,50,1
31,50,0
27,10,7
42,0,7
52,100,0
41,100,0
33,100,0
54,100,0
65,30,0
32,10,2
39,100,0
23,5,7
27,90,0
27,70,0
44,80,0
26,100,0
37,90,0
23,70,0
32,30,0
43,80,0
29,100,0
21,90,0
18,20,0
42,10,8
26,50,0
20,50,0
64,100,0
40,90,0
15,20,0
69,50,0
56,100,0
28,3,7
34,0,6
65,30,0
32,100,0
51,50,0
30,100,0
27,70,0
18,20,0
33,90,0
31,70,0
50,100,0
23,90,0
21,100,2
62,50,0
27,80,0
33,3,10
33,30,0
28,10,2
24,90,0
41,100,0
46,100,0
46,50,0
36,100,8
52,100,0
25,100,0
46,70,0
57,100,0
38,100,0
38,3,6
37,100,0
22,50,0
47,120,0
23,30,4
38,0,10
42,80,0
50,80,0
68,50,0
50,0,8
26,50,0
16,20,0
20,80,0
40,100,0
59,50,0
40,50,0
44,50,0
51,100,0
44,150,0
15,20,0
27,50,0
41,100,7
69,20,1
36,0,5
36,50,0
44,60,0
60,50,0
25,100,0
34,80,0
16,20,0
30,30,2
61,50,0
37,60,0
26,80,0
51,140,0
21,80,0
55,60,0
20,60,0
25,100,0
39,80,0
39,90,0
22,70,0
28,80,0
28,90,0
40,110,0
36,100,0
45,110,0
52,40,0
38,0,4
33,50,0
54,70,0
32,90,0
33,80,0
39,80,0
66,3,0
76,30,0
33,100,0
25,50,0
43,100,0
29,90,0
42,80,0
25,100,0
54,70,0
44,50,0
44,10,7
31,100,0
10,2,0
44,5,0
23,0,0
28,100,0
30,90,0
22,100,0
37,90,0
62,50,0
19,50,0
28,50,0
28,80,0
36,90,0
28,100,0
37,3,7
26,3,3
40,120,0
19,20,0
61,50,0
31,60,0
28,50,0
31,100,0
21,60,0
35,70,0
41,90,0
41,70,0
23,10,5
15,10,3
27,90,0
36,0,2
28,90,0
63,100,0
25,100,0
37,100,0
46,40,2
23,50,4
46,80,0
28,90,0
24,30,2
48,100,0
51,100,0
20,60,0
26,10,2
38,120,0
65,30,0
46,130,0
61,100,0
33,70,0
42,80,0
16,20,0
52,80,0
46,100,2
19,50,0
21,100,0
24,80,0
35,50,0
59,50,0
44,90,0
47,110,0
44,90,0
30,50,0
39,0,5
24,100,3
32,90,0
36,120,0
30,3,7
16,20,0
42,30,0
38,3,10
23,3,4
54,110,0
32,100,0
27,100,0
32,70,0
44,100,0
48,30,0
71,100,0
57,50,0
64,50,0
48,90,0
49,100,0
45,20,0
42,90,0
38,110,0
18,20,0
24,100,0
40,10,4
22,90,0
39,110,0
33,3,6
46,100,0
34,110,0
24,50,0
33,100,0
38,100,0
17,100,0
34,90,0
45,110,0
51,70,0
26,3,3
49,100,0
25,60,0
22,80,0
37,3,3
51,60,0
20,20,0
40,100,0
25,100,1
39,30,0
61,40,7
30,100,0
47,80,0
25,100,0
37,100,0
17,100,0
41,60,0
21,70,0
40,80,0
65,50,0
56,140,0
61,50,0
37,120,0
35,90,0
25,100,0
23,80,0
50,90,0
43,80,0
35,100,0
19,20,1
34,50,0
33,50,0
33,50,0
68,50,0
55,80,0
31,100,0
64,30,1
24,70,0
42,80,0
20,30,0
15,100,2
37,90,0
24,70,0
24,100,6
48,100,0
32,3,2
27,80,0
51,60,0
19,40,0
31,30,0
53,120,0
37,100,0
30,110,0
30,60,0
58,80,0
22,3,5
18,20,0
47,80,0
32,100,2
26,100,3
22,100,0
44,50,0
32,100,0
44,20,1
37,10,8
44,20,4
43,130,0
26,100,0
19,20,0
28,3,0
57,100,0
37,50,0
19,0,5
50,70,0
41,5,0
39,100,0
43,100,0
22,110,0
35,60,0
40,60,0
56,60,0
51,100,0
28,10,2
46,30,0
31,30,0
14,20,0
78,100,0
64,5,0
26,60,0
36,130,0
48,100,0
64,50,0
42,20,1
45,110,0
31,110,0
41,90,0
32,60,0
52,40,0
21,0,1
48,160,0
57,100,0
55,70,0
13,20,0
27,50,3
51,120,0
27,5,6
44,50,0
18,10,6
63,50,0
30,60,0
25,90,0
58,60,0
53,80,0
55,130,0
57,70,0
33,50,0
28,70,0
38,80,0
69,50,0
77,50,0
17,100,8
29,100,0
24,100,0
49,30,0
55,100,0
39,120,0
63,50,0
32,100,0
43,100,8
32,5,0
29,0,0
48,100,3
54,0,0
29,20,0
25,40,0
26,100,0
20,110,0
57,50,0
71,30,0
29,70,0
27,50,0
45,5,0
36,100,0
38,100,0
23,100,0
31,130,0
59,50,0
25,150,0
28,100,9
28,100,0
55,80,0
39,30,0
46,50,0
23,110,0
41,100,0
42,120,0
0,100,0
42,110,0
25,20,1
27,100,0
46,50,0
0,20,2
55,40,0
33,50,0
49,100,0
27,100,0
28,100,0
46,120,0
19,100,0
54,100,0
60,50,0
33,90,0
22,50,0
39,60,0
40,30,0
0,50,0
29,60,0
53,110,0
54,100,0
14,50,0
53,100,0
23,70,0
19,20,0
27,80,0
39,80,0
62,30,1
13,5,0
51,110,0
34,70,0
77,50,0
27,20,3
17,20,0
46,100,3
48,90,0
33,60,0
38,80,0
999,100,0
31,70,0
15,20,0
37,60,0
41,40,1
42,90,0
44,110,0
34,10,4
37,110,0
70,50,0
23,30,0
31,0,3
13,20,0
58,90,0
46,140,0
30,40,0
48,5,0
21,80,0
28,0,5
29,100,0
59,10,0
36,80,0
48,100,3
34,120,0
20,90,0
47,3,0
31,30,0
38,100,0
39,90,0
70,30,0
42,110,0
27,100,0
49,90,0
10,0,4
20,20,0
41,50,1
64,50,0
28,0,3
22,100,3
34,100,0
30,60,0
24,100,0
47,100,0
27,100,0
55,100,0
29,30,0
25,100,8
20,100,0
42,100,3
26,100,0
32,80,0
40,110,0
22,50,1
2,2,6
45,0,7
67,50,0
30,60,0
34,100,0
22,100,3
40,90,0
55,50,0
49,100,0
63,5,0
37,40,0
38,70,0
21,100,0
43,10,2
35,50,0
30,110,0
63,50,0
28,50,1
14,20,0
50,50,0
67,50,0
31,100,1
21,30,1
51,100,0
31,70,0
0,100,9
45,100,0
33,110,0
37,100,0
27,90,0
38,3,3
26,3,3
20,3,7
35,3,3
35,50,0
47,80,0
29,5,5
44,80,0
44,50,0
70,50,0
21,110,0
32,80,0
31,50,0
48,110,0
31,110,0
14,0,8
48,100,0
56,40,1
44,110,0
23,90,0
11,5,0
43,10,4
36,50,0
43,100,0
15,20,0
31,130,0
29,50,0
26,50,1
39,80,0
47,10,5
45,120,0
55,50,0
35,70,0
38,80,0
35,100,0
18,100,0
43,50,0
49,100,0
24,50,0
54,20,0
42,10,0
21,50,0
39,70,0
24,50,0
36,100,0
27,50,0
31,50,0
57,100,0
42,30,0
37,90,0
31,100,0
43,100,0
26,6,2
15,20,0
28,100,0
47,100,3
34,100,0
70,3,3
35,110,0
52,90,0
23,100,6
43,50,0
41,80,0
55,100,0
41,70,0
23,80,0
61,50,0
64,50,0
30,0,2
25,50,0
75,50,0
22,60,0
45,60,0
63,5,7
59,50,0
41,40,0
29,120,0
26,70,0
31,100,0
43,100,0
29,20,4
22,50,1
50,110,0
17,20,0
71,50,0
26,130,0
28,100,0
54,60,0
29,3,9
30,90,0
21,10,5
0,50,0
52,100,0
31,110,0
25,3,7
51,100,0
39,80,0
29,100,0
29,30,0
66,50,0
29,0,2
42,50,0
22,1,4
75,10,3
31,100,0
22,50,0
46,100,0
28,110,0
36,60,0
46,3,3
14,5,5
23,3,0
58,50,0
29,60,0
53,100,0
28,50,0
25,30,0
19,100,0
38,60,0
53,90,0
28,3,8
22,10,1
28,110,0
24,60,0
49,50,0
41,100,0
33,100,0
61,50,0
0,40,0
80,100,0
46,60,0
22,60,0
45,90,0
25,90,0
19,50,0
18,20,0
48,130,0
59,100,0
71,50,0
59,5,0
52,60,0
15,3,0
27,100,0
56,100,0
41,110,0
24,50,0
27,3,3
30,100,0
51,80,0
49,80,0
23,100,0
32,100,0
46,50,0
45,50,0
33,80,0
26,70,0
29,50,0
20,0,3
41,100,0
33,80,0
30,100,4
55,80,0
27,90,0
47,100,0
29,3,3
26,70,0
29,60,0
27,50,0
40,110,0
25,3,7
23,70,0
50,90,0
16,20,0
50,3,9
62,50,0
43,90,0
39,110,0
9,0,6
26,80,0
0,20,0
35,120,0
34,100,0
32,80,0
36,70,0
35,110,0
34,50,0
62,100,0
45,100,0
49,90,0
0,70,0
17,100,0
32,120,0
55,100,0
21,70,0
54,60,0
29,30,0
40,90,0
36,50,0
32,90,0
28,100,0
27,80,0
29,80,0
37,100,0
49,100,0
45,100,0
47,80,0
52,100,7
35,60,0
61,50,0
41,20,2
35,100,0
62,50,0
2,2,0
26,100,3
45,80,0
24,10,2
39,30,0
27,0,8
32,100,3
25,100,0
31,80,0
30,10,2
24,20,1
32,3,0
46,130,0
22,30,0
21,40,0
21,80,0
28,20,1
54,100,0
38,80,0
17,20,0
34,60,0
45,80,1
62,50,0
45,100,0
17,5,0
46,30,0
23,80,0
36,5,0
46,50,0
27,100,0
56,100,0
54,10,6
46,30,0
20,5,0
28,100,0
39,3,7
27,70,0
52,70,0
32,80,0
43,100,0
70,30,0
30,110,0
50,110,0
34,70,0
27,100,3
33,70,0
48,10,0
47,110,0
25,5,0
0,20,0
36,70,0
44,60,0
44,70,0
35,90,0
20,10,2
21,50,0
53,30,0
34,100,0
51,100,0
17,100,0
23,10,1
26,90,0
19,10,2
31,50,0
37,100,8
55,120,0
28,110,0
21,80,0
59,100,0
32,70,0
68,50,0
70,50,0
40,100,0
28,10,3
46,100,0
28,30,0
70,50,0
34,60,0
24,60,0
45,70,0
39,100,3
49,30,1
15,20,0
32,70,0
28,20,0
32,120,0
20,0,8
65,50,0
24,100,0
27,70,0
47,110,0
48,70,0
15,20,1
30,100,0
21,30,2
30,0,7
43,100,0
24,120,0
52,50,0
47,100,0
35,5,10
39,100,0
44,90,0
37,60,0
20,110,0
68,100,0
59,60,0
40,50,0
21,100,0
35,30,0
24,100,4
56,80,0
52,50,0
37,50,0
30,50,0
45,100,0
22,70,0
46,20,0
63,50,0
41,100,0
36,110,0
40,80,0
51,60,0
19,100,0
52,50,0
53,100,0
45,70,0
52,90,0
21,50,0
25,120,0
16,20,0
60,10,10
38,80,0
26,100,3
23,50,0
29,50,0
55,60,0
69,50,0
32,0,1
32,3,3
26,60,0
44,100,0
26,100,0
58,80,0
35,90,0
64,50,0
21,10,0
16,0,9
30,100,0
11,2,0
54,50,0
49,70,0
28,30,0
22,40,0
21,100,0
30,60,0
43,80,0
43,90,0
41,110,0
26,100,0
19,30,2
41,100,0
35,90,0
23,110,0
10,2,7
47,110,0
19,30,0
32,110,0
25,10,8
39,100,0
37,70,0
28,30,0
30,90,0
38,100,0
29,0,5
49,100,0
41,80,0
9,100,0
18,20,1
39,0,5
49,100,0
32,50,2
19,20,2
49,80,0
20,60,0
27,100,0
34,90,0
2,2,0
66,50,0
37,100,0
28,100,0
27,40,0
39,90,0
32,80,0
27,100,0
26,40,0
38,90,0
52,70,0
39,0,3
55,100,0
0,50,0
36,30,1
38,100,0
35,110,0
23,120,0
23,50,0
28,50,0
29,100,0
45,100,3
29,3,7
15,20,0
18,20,1
43,100,0
26,110,0
62,40,0
25,70,0
15,20,0
27,100,0
49,50,0
42,60,0
30,50,0
52,90,0
36,90,0
24,50,2
22,100,0
44,50,0
48,90,0
46,100,0
26,30,0
26,3,0
31,100,0
67,50,0
32,3,5
24,40,0
34,90,0
43,100,0
33,50,0
59,50,0
57,110,0
19,10,2
58,100,0
36,110,0
36,100,0
40,50,0
32,30,0
32,110,0
42,50,0
45,100,0
55,30,0
16,20,0
33,100,0
34,100,0
49,60,0
69,50,0
26,50,0
61,50,0
17,20,0
37,80,0
44,50,0
24,50,0
36,60,0
48,100,0
28,50,0
52,60,0
25,30,0
51,100,0
77,50,0
21,80,0
39,120,0
25,100,0
84,50,0
21,30,1
21,80,0
51,100,0
62,50,0
41,60,0
41,100,0
46,60,0
40,90,0
43,3,0
48,100,0
34,30,0
38,80,0
46,90,0
46,30,0
45,80,0
45,70,0
36,60,0
23,60,0
40,80,0
33,100,0
44,100,0
27,40,0
30,50,0
34,110,0
47,100,0
22,30,1
60,100,0
42,50,0
40,60,0
39,100,0
13,3,0
27,80,0
42,100,0
34,80,0
35,90,0
29,80,0
43,70,0
32,10,7
51,80,0
58,40,0
9,2,8
50,70,0
42,100,5
25,30,0
20,100,0
56,80,0
45,50,0
29,100,0
51,60,0
23,90,0
22,50,0
34,100,9
33,100,0
38,70,0
26,100,0
26,3,3
24,40,0
46,100,0
39,120,0
48,3,8
26,50,0
28,60,0
22,100,0
26,100,3
28,100,0
28,100,0
38,90,0
48,100,0
56,60,0
46,100,0
61,30,0
27,90,0
26,100,0
61,3,0
53,100,0
55,50,0
23,100,5
21,100,4
37,30,2
22,50,1
44,80,0
62,100,6
36,100,0
38,90,0
47,100,0
39,110,0
46,90,0
29,100,0
19,50,0
20,20,0
53,100,0
59,50,0
36,100,0
34,30,2
47,110,0
67,50,0
31,90,0
35,90,0
31,100,0
44,120,0
32,80,0
36,3,3
37,5,10
49,90,0
32,3,9
9,100,0
52,100,0
46,90,0
19,70,0
37,140,0
21,3,7
20,80,0
50,30,0
52,100,0
23,50,0
34,100,0
45,110,0
23,0,1
22,30,0
19,100,0
21,40,0
33,70,0
71,50,0
18,3,10
64,50,0
27,100,0
17,20,0
40,90,0
35,20,0
43,70,0
47,10,3
42,130,0
63,50,0
34,70,0
23,40,0
28,50,2
38,5,9
46,100,0
37,100,7
40,140,0
56,40,0
51,100,0
30,60,0
45,70,0
42,100,0
47,10,4
27,100,0
36,50,1
75,50,0
79,30,0
0,50,0
19,0,6
43,80,0
25,40,1
46,100,6
31,3,3
17,5,4
22,90,0
25,50,0
33,110,0
23,50,0
17,20,0
22,50,0
999,50,0
40,100,5
43,5,1
60,100,0
27,60,0
28,0,5
62,50,0
38,100,0
28,100,0
60,30,0
30,100,8
49,100,0
49,110,0
42,50,0
19,20,0
24,100,0
45,60,0
51,100,7
12,20,0
57,80,0
29,60,0
34,120,0
15,20,0
23,100,0
45,100,0
30,40,0
29,50,0
57,100,0
25,70,0
35,100,0
47,80,0
58,30,0
25,90,0
77,3,7
0,100,0
33,100,0
31,40,0
24,80,0
51,30,0
36,80,0
29,3,3
48,20,2
28,100,0
23,3,7
40,80,0
28,70,0
44,100,0
44,50,0
32,30,1
58,100,0
26,90,0
56,80,0
0,70,0
45,20,2
58,3,7
39,70,0
48,80,0
32,100,0
36,120,0
54,30,0
58,50,0
28,80,0
40,50,0
60,80,0
42,50,0
42,40,3
18,100,0
24,100,6
58,100,0
48,100,0
35,80,0
20,100,0
35,100,0
15,20,0
37,100,0
41,100,0
16,20,0
25,100,0
49,90,0
22,5,0
47,100,6
45,100,0
28,50,0
39,90,0
44,50,0
54,100,0
18,3,1
42,80,0
52,60,0
34,60,0
31,10,4
34,90,0
70,50,0
59,50,1
16,20,0
24,50,0
19,120,0
48,10,7
1,2,0
28,10,4
27,0,2
51,30,0
41,90,0
19,70,0
29,100,0
48,100,0
23,80,0
24,50,0
24,80,0
28,120,0
34,90,0
20,30,1
55,30,0
41,60,0
7,2,0
68,90,0
39,0,3
49,50,0
24,60,0
30,60,0
43,100,0
40,5,0
50,30,0
50,100,0
56,90,0
33,90,0
49,70,0
41,100,0
30,110,0
27,100,0
48,70,0
22,50,0
47,20,0
39,60,0
1,90,0
35,40,0
54,100,3
29,100,0
0,100,0
40,30,0
64,50,0
29,50,0
22,60,0
59,50,0
41,3,0
22,5,0
56,100,3
25,60,0
27,20,0
68,50,0
19,90,0
30,60,0
25,90,0
33,3,5
41,80,0
64,50,0
60,50,0
33,3,4
21,60,0
31,130,0
20,20,1
50,80,0
36,60,0
23,60,0
41,3,8
31,80,0
26,60,0
41,40,0
38,40,0
19,0,2
21,60,0
49,70,0
29,100,4
33,3,4
38,50,0
18,20,0
23,50,0
46,10,6
35,70,0
28,90,0
57,80,0
23,80,0
17,10,1
38,100,0
36,50,0
49,30,1
17,20,0
3,2,0
18,20,0
21,80,0
14,20,0
31,60,0
54,100,6
55,10,8
31,90,0
0,110,0
39,100,0
18,100,0
25,110,0
42,110,0
23,100,0
23,100,0
24,100,0
21,100,0
65,50,0
30,10,5
39,0,10
26,50,0
32,30,0
67,50,0
41,90,0
31,10,5
40,100,0
57,100,0
63,100,6
38,80,0
51,90,0
45,3,3
40,100,0
25,100,3
41,3,3
22,70,0
44,50,0
41,0,6
50,50,0
39,50,1
47,30,0
24,50,0
60,50,0
56,3,7
0,20,0
30,100,0
31,0,1
11,2,0
21,0,3
39,80,0
55,100,0
26,30,2
25,80,0
51,0,0
55,100,0
43,30,0
25,60,0
17,20,0
44,80,0
37,100,0
38,100,1
17,100,0
27,100,0
54,50,0
61,100,0
22,100,0
23,40,1
17,20,0
0,100,0
65,100,0
49,3,0
44,110,0
32,80,0
43,100,0
38,100,0
8,2,0
27,100,0
23,50,1
36,70,0
62,50,0
26,50,0
18,0,6
40,100,0
63,50,0
30,80,0
42,70,0
64,30,2
42,40,0
39,50,0
19,100,0
31,100,0
23,50,0
26,100,10
43,90,0
33,70,0
53,5,0
44,30,0
63,30,0
70,30,0
65,30,0
70,100,0
48,70,0
20,20,0
48,100,0
22,40,0
54,80,0
20,20,0
53,110,0
36,80,0
21,30,1
24,100,0
46,50,0
51,100,0
61,50,0
60,100,0
44,100,0
29,90,0
56,50,0
78,100,0
48,130,0
37,30,0
34,10,7
44,90,0
73,30,1
15,20,0
64,30,0
47,100,0
26,100,0
42,90,0
55,60,0
27,90,0
42,80,0
40,100,0
22,90,0
34,90,0
21,10,4
19,100,0
22,100,10
20,50,0
72,100,0
58,50,0
32,100,0
24,3,3
32,100,0
26,90,0
21,20,0
32,140,0
29,0,4
23,90,0
20,20,0
53,5,0
18,3,4
39,100,0
18,5,0
27,50,0
51,110,0
28,80,0
43,80,0
61,50,0
53,60,0
44,110,0
41,80,0
34,90,0
26,100,3
55,50,0
30,100,2
46,80,1
30,100,0
11,2,0
22,90,0
32,100,0
0,70,0
29,40,1
21,50,0
24,10,2
25,90,0
7,2,0
27,100,0
57,50,0
49,100,0
45,100,0
23,100,0
46,100,0
10,2,0
31,130,0
40,30,0
14,100,0
47,140,0
20,100,4
28,100,1
54,10,6
56,100,0
49,90,0
27,100,7
42,50,1
35,30,0
34,100,0
22,100,0
49,40,0
60,100,0
15,100,0
52,110,0
20,3,0
22,100,0
61,50,0
22,0,9
31,100,0
29,90,0
38,110,0
48,0,1
22,50,0
61,50,0
40,110,0
24,90,0
24,60,0
44,100,5
49,30,0
25,80,0
20,60,0
21,100,0
24,100,0
30,90,0
37,90,0
37,90,0
45,100,6
16,20,0
57,100,0
58,80,0
29,90,0
43,40,1
29,100,2
72,50,0
69,50,0
24,100,0
40,100,0
20,100,0
52,100,0
58,100,0
58,80,0
42,30,0
19,50,0
22,0,0
53,100,0
28,100,0
47,50,0
49,100,0
49,100,0
58,100,0
15,20,0
26,90,0
39,3,0
39,100,0
22,0,4
29,100,0
32,80,0
43,5,10
29,3,0
39,90,0
23,100,0
53,60,0
37,60,0
44,100,0
33,30,0
27,80,0
59,100,0
37,100,0
24,3,3
39,100,0
37,100,0
29,100,0
30,3,4
44,100,0
19,0,10
33,100,0
35,180,0
48,100,3
48,100,0
38,100,1
23,110,0
26,100,5
28,5,0
61,60,0
47,30,2
35,70,0
62,50,0
22,80,0
39,60,0
59,40,0
16,3,4
32,0,5
0,60,0
42,80,0
26,3,3
28,0,1
30,100,0
57,100,0
39,60,0
50,60,0
29,90,0
23,50,0
52,90,0
45,10,1
70,50,1
58,100,0
31,50,0
61,50,0
30,90,0
59,100,0
29,50,0
31,70,0
51,100,0
55,100,0
67,50,0
71,50,0
35,3,3
56,60,0
58,100,0
23,0,3
41,30,0
28,90,0
22,80,0
21,70,0
52,5,5
58,100,0
28,100,0
46,100,0
51,100,0
55,10,7
33,30,1
72,50,0
27,50,0
33,100,0
62,100,3
36,100,0
37,80,0
35,10,2
41,80,0
25,80,0
37,70,0
29,30,0
35,90,0
48,100,0
21,20,1
21,70,0
30,100,0
50,70,0
19,10,3
49,90,0
50,100,0
33,90,0
33,70,0
27,70,0
54,30,0
30,60,0
26,110,0
31,60,0
24,100,0
52,100,0
62,50,0
29,10,5
58,30,0
39,70,0
49,130,0
19,0,3
44,3,0
57,5,4
27,3,8
20,3,0
19,10,8
45,100,1
27,60,0
25,3,3
36,110,0
4,100,6
25,10,5
12,3,0
45,40,1
31,110,0
34,70,0
43,5,10
13,20,0
22,60,0
45,130,0
50,90,0
28,90,0
40,100,0
62,100,3
70,50,0
41,70,0
21,130,0
50,110,0
43,80,0
40,60,0
33,60,0
49,60,0
5,2,0
58,0,10
27,100,0
39,100,0
31,120,0
49,50,0
55,100,1
29,3,7
21,3,3
24,70,0
26,80,0
41,70,0
17,100,0
39,100,0
37,50,0
36,70,0
33,30,0
34,50,0
29,100,0
50,90,0
64,50,0
39,100,0
34,100,0
44,160,0
20,20,0
20,20,0
52,90,0
31,100,0
53,100,0
16,20,0
11,2,8
22,80,0
48,100,0
38,20,2
24,0,4
34,50,0
16,20,0
24,90,0
49,100,5
21,100,0
27,70,0
27,10,6
10,2,0
55,70,0
41,110,0
39,100,2
43,120,0
22,60,0
34,10,3
25,100,0
33,60,0
13,10,5
54,50,0
53,20,0
50,100,0
35,110,0
25,110,0
23,70,0
74,50,0
16,20,0
32,110,0
67,50,0
30,80,0
44,100,0
26,70,0
52,100,0
24,30,2
45,100,0
23,0,7
44,50,2
33,50,0
38,60,0
27,60,0
71,30,0
37,80,0
19,50,0
14,20,0
28,60,0
60,100,7
41,90,0
20,100,0
46,3,6
27,100,0
48,70,0
15,20,0
39,60,0
44,100,8
58,50,0
41,80,0
44,30,2
24,100,0
36,80,0
24,20,2
51,10,4
59,60,0
37,70,0
26,10,0
33,80,0
21,100,0
70,50,0
0,100,0
62,50,0
70,50,0
28,100,0
0,60,0
30,60,0
26,120,0
27,100,0
54,60,0
39,90,0
32,60,0
65,30,0
53,50,0
40,10,2
52,50,0
55,80,0
41,60,0
46,80,0
20,60,1
37,60,3
19,90,0
18,100,3
26,100,0
30,30,1
49,50,0
28,80,0
30,100,0
44,80,0
68,50,0
64,50,0
44,70,0
40,40,0
20,60,0
37,0,7
37,100,0
62,50,0
26,100,0
30,90,0
25,100,0
30,90,0
33,2,1
47,100,0
23,40,1
57,100,0
41,100,0
26,100,4
52,10,4
29,100,0
35,100,0
64,50,0
31,90,0
29,100,0
40,70,0
31,30,1
47,100,0
30,100,0
59,50,0
36,50,0
0,60,0
67,50,0
48,120,0
24,50,0
26,60,0
21,100,0
31,10,2
62,80,0
30,110,0
46,3,4
27,30,0
38,130,0
20,20,0
57,100,0
18,100,0
20,70,0
52,50,0
45,100,0
21,100,0
48,3,10
26,100,0
31,3,3
45,10,1
31,50,0
0,100,0
61,50,0
33,100,0
60,50,0
38,110,0
46,100,0
41,90,0
0,100,9
24,40,0
64,50,0
5,2,0
22,100,0
46,50,0
27,60,0
35,100,0
33,50,0
32,70,0
34,40,0
42,30,0
47,90,0
51,100,0
34,60,0
38,100,0
52,3,0
44,40,2
0,20,0
41,100,0
27,5,0
43,100,0
29,100,0
35,100,0
16,20,0
32,100,0
56,90,0
24,3,4
67,50,0
52,110,0
45,30,0
44,80,0
36,50,1
41,0,2
34,30,0
33,20,6
36,90,0
50,50,0
19,0,6
23,60,0
17,20,0
39,50,0
65,50,0
61,50,0
19,20,0
35,70,0
40,50,0
48,100,0
53,100,0
68,50,0
43,50,0
41,90,0
49,100,0
56,10,8
27,80,0
49,30,0
28,3,0
66,0,10
15,20,0
21,10,7
47,170,0
27,100,5
55,30,0
42,80,0
48,3,3
35,140,0
43,90,0
54,100,1
21,100,3
38,50,0
20,100,0
57,100,0
25,90,0
27,50,0
38,80,0
47,100,0
39,100,8
45,50,0
0,60,0
23,50,0
50,100,1
34,100,0
17,20,1
62,50,0
39,90,0
28,3,8
58,80,0
53,130,0
19,120,0
57,50,1
50,80,0
10,2,0
60,50,0
42,70,0
51,90,0
17,20,0
70,100,0
47,60,0
49,100,7
25,3,4
42,100,0
50,60,0
65,50,0
41,100,0
42,100,0
21,90,0
56,60,0
13,100,0
56,50,0
42,50,0
38,90,0
30,0,0
49,3,7
27,50,0
33,80,0
28,3,0
41,50,0
15,20,0
24,80,0
23,50,0
70,50,0
19,90,0
35,30,0
48,100,0
53,0,6
51,80,0
35,10,4
61,50,0
46,110,0
40,3,7
30,100,0
42,60,0
31,90,0
54,60,0
25,90,0
50,80,0
40,60,0
14,100,0
40,10,7
71,0,1
34,30,0
52,140,0
28,50,0
29,90,0
41,70,0
40,100,0
27,80,0
60,50,0
33,3,8
67,50,0
16,100,0
42,100,0
36,80,0
59,50,0
26,60,0
19,100,0
55,100,0
30,50,0
26,50,0
53,40,0
27,120,0
51,100,0
35,0,3
33,90,0
54,100,0
47,70,0
36,100,0
15,100,0
29,100,0
27,60,0
36,50,0
29,10,1
54,120,0
19,100,3
48,3,3
38,130,0
38,30,0
65,100,0
67,50,0
56,50,0
25,110,0
34,60,0
23,60,0
30,90,0
60,50,0
30,50,1
30,3,0
27,60,0
26,90,0
24,80,0
36,20,0
54,70,0
56,100,0
40,5,6
36,50,0
16,20,0
16,20,0
0,3,0
50,20,0
24,30,0
16,20,0
10,100,0
58,100,3
29,70,0
60,50,0
28,3,0
36,100,3
20,20,0
45,3,6
46,90,0
30,3,0
29,100,3
62,20,1
47,100,0
23,0,8
31,90,0
44,100,0
20,100,0
24,60,0
24,30,0
28,90,0
23,60,0
43,100,0
28,100,0
19,50,0
51,100,0
19,20,0
62,10,6
50,10,1
60,100,0
53,100,0
18,10,0
42,100,2
42,80,0
37,30,0
38,100,0
19,20,0
33,50,0
41,80,0
34,100,0
13,20,0
19,100,0
23,140,0
42,110,0
40,1,1
27,50,0
25,100,0
53,70,0
58,50,0
50,100,0
19,100,0
44,30,0
35,3,3
37,100,0
64,3,0
27,60,0
9,2,0
60,100,0
34,90,0
60,50,0
32,50,0
40,100,0
11,2,0
43,90,0
33,70,0
35,90,0
31,100,0
60,50,0
27,40,1
25,70,1
48,80,0
39,130,0
42,100,0
47,100,0
42,60,0
30,50,0
33,90,0
30,30,0
57,80,0
32,90,0
21,100,0
65,100,0
24,3,6
32,40,0
34,100,9
44,30,0
32,100,0
69,50,0
39,60,0
44,10,1
36,50,0
65,100,0
59,70,0
44,140,0
25,3,7
28,90,0
46,50,0
46,60,0
57,90,0
63,50,0
35,80,0
35,50,0
31,60,0
45,10,1
45,110,0
18,20,0
64,50,0
41,100,0
15,20,0
39,20,1
49,110,0
0,100,0
30,3,3
45,80,0
31,50,0
55,30,0
30,90,0
50,100,0
28,10,7
41,100,0
33,140,0
64,30,0
40,30,0
31,100,0
37,60,0
24,50,0
24,50,0
43,110,0
12,20,0
22,110,0
28,60,0
43,60,0
40,60,0
19,20,0
24,50,0
65,100,0
34,50,0
63,50,0
46,110,0
44,100,0
21,20,0
41,100,0
28,10,3
40,60,0
68,50,0
31,100,0
42,70,0
52,60,0
21,60,0
30,70,0
64,50,0
37,5,9
20,60,0
29,40,0
3,0,3
35,10,1
47,90,0
49,30,0
37,100,0
32,100,0
20,20,0
22,5,6
47,100,0
27,110,0
55,60,0
36,90,0
35,100,3
26,10,6
35,50,0
45,100,0
25,80,0
47,100,0
23,80,0
34,90,0
23,50,5
42,60,0
41,70,0
19,100,0
43,100,0
32,130,0
32,50,1
36,100,0
34,50,0
60,50,0
44,60,0
30,50,0
29,90,0
57,60,0
40,80,0
29,80,0
30,80,0
26,90,0
15,3,0
50,110,0
48,0,7
48,100,0
28,0,6
43,3,0
13,20,0
26,100,3
50,50,0
43,100,0
38,130,0
47,50,0
36,80,0
20,100,0
36,100,0
40,3,3
33,100,0
33,100,0
35,30,1
19,0,5
43,70,0
50,110,0
46,90,0
50,10,3
26,60,0
28,60,0
49,100,1
46,110,0
64,50,0
18,20,0
47,50,1
24,60,0
23,120,0
51,10,0
60,50,0
51,50,0
33,60,0
30,100,0
47,120,0
36,140,0
22,80,0
45,100,0
26,80,0
24,40,0
59,50,0
30,20,1
32,60,0
30,50,0
41,100,0
25,50,0
34,50,0
0,50,0
24,3,3
60,50,0
43,40,0
48,90,0
0,100,0
50,30,0
23,90,0
43,100,0
44,50,0
53,90,0
49,80,0
57,10,7
30,110,0
25,10,7
48,100,0
64,50,0
33,70,0
21,90,0
31,70,0
69,100,0
32,50,0
51,10,6
42,30,0
27,10,8
57,110,0
20,90,0
24,100,0
32,80,0
20,110,0
24,100,2
23,0,3
24,100,0
25,90,0
31,90,0
32,90,0
43,90,0
60,50,0
19,0,0
33,100,0
52,60,0
0,70,0
39,40,1
16,20,0
35,90,0
53,50,0
28,70,0
37,60,0
24,90,0
49,70,0
59,30,0
19,100,0
44,100,0
49,90,0
53,100,0
28,90,0
51,100,0
51,60,0
36,30,0
51,80,0
35,70,0
17,20,0
68,50,0
51,50,0
17,20,1
69,50,0
37,50,0
46,100,0
52,100,0
48,30,0
64,3,0
27,80,0
55,20,0
38,80,0
69,30,0
37,60,0
44,90,0
48,110,0
18,130,0
24,60,0
36,30,4
52,110,0
26,100,0
31,100,0
35,100,4
21,80,0
25,60,0
42,70,0
20,20,0
27,90,0
30,100,0
36,60,0
56,30,0
69,50,0
36,90,0
28,100,0
0,50,0
24,30,0
64,50,1
31,100,0
24,60,0
49,60,0
23,80,0
17,5,0
33,100,0
42,70,0
15,100,0
13,20,0
34,100,0
38,100,0
21,3,3
19,100,0
8,100,1
12,20,0
32,10,6
13,20,0
29,3,3
27,30,3
13,10,3
28,80,0
31,0,3
38,80,0
35,50,0
36,10,7
38,100,0
25,80,0
17,100,0
31,60,0
23,100,2
35,3,0
42,70,0
34,80,0
35,90,0
19,0,10
23,50,0
28,10,4
63,50,0
56,100,0
53,50,0
38,90,0
45,20,0
45,90,0
33,100,0
52,20,2
54,80,0
29,60,0
60,0,2
44,70,0
23,90,0
48,60,0
61,50,0
24,60,0
58,120,0
40,100,0
43,5,0
25,50,0
26,80,0
42,5,9
42,100,0
26,70,0
31,130,0
50,30,0
16,20,1
50,90,0
64,50,0
44,5,0
37,50,0
41,30,0
42,80,0
24,30,1
25,100,3
38,100,2
34,90,0
37,100,3
27,10,2
41,100,0
24,60,0
49,100,0
59,30,0
40,80,0
32,100,0
39,80,0
44,3,7
24,3,4
17,20,0
37,140,0
27,60,0
39,100,0
54,90,0
44,100,0
49,100,0
33,100,3
31,100,0
33,80,0
52,100,0
43,100,2
56,30,1
35,110,0
20,90,0
76,100,0
50,110,0
44,100,0
51,100,0
31,80,0
37,80,0
51,100,0
43,130,0
52,90,0
20,20,0
44,10,7
73,30,0
40,100,8
65,50,0
20,50,0
61,100,0
49,80,0
42,50,0
79,30,0
34,100,0
42,100,0
23,80,0
27,30,1
30,60,0
30,100,0
28,100,0
39,100,0
26,90,0
30,60,1
57,3,3
37,60,0
46,30,0
31,70,0
71,50,0
43,0,3
28,120,0
60,50,0
27,120,0
27,3,9
19,0,0
25,50,0
51,120,0
21,100,2
49,60,1
52,100,5
51,60,0
49,60,0
46,30,0
36,40,3
46,90,0
22,50,0
17,20,0
54,50,0
37,50,0
29,70,0
42,70,0
20,10,7
21,10,4
54,60,0
30,70,0
30,100,0
49,100,0
25,60,0
57,20,7
52,100,3
35,50,0
26,110,0
63,50,0
58,100,0
26,90,0
43,30,0
54,20,0
52,100,0
53,50,0
31,3,0
63,50,0
21,70,0
22,30,0
67,50,0
18,3,5
26,80,0
22,80,0
47,50,0
30,80,0
34,100,0
45,100,0
45,100,0
48,100,0
25,0,4
17,20,0
55,80,0
33,100,0
60,30,0
50,100,0
25,60,0
51,90,0
53,70,0
28,80,0
46,30,0
69,50,0
54,90,0
46,100,0
59,90,0
55,60,0
39,20,0
28,80,0
41,1,10
18,100,10
60,100,0
28,40,1
46,100,0
40,100,0
32,80,0
22,50,0
58,100,0
53,100,0
49,100,0
47,100,0
25,30,0
6,2,0
22,90,0
53,80,0
48,60,0
0,60,0
43,40,0
54,100,0
42,50,0
18,100,0
45,80,0
46,30,0
15,20,0
37,100,0
24,0,8
43,100,0
22,10,0
48,100,0
28,30,7
41,100,0
22,50,0
35,90,0
66,30,0
19,100,0
23,30,2
36,100,0
53,80,0
32,100,0
32,100,0
14,20,0
25,100,0
46,90,0
48,100,0
35,110,0
28,150,0
56,50,0
31,100,0
52,90,0
27,50,3
23,100,0
21,60,0
65,50,0
74,5,0
25,70,0
41,80,0
30,50,0
39,30,3
25,100,0
40,80,0
38,50,0
42,100,0
23,50,0
33,100,0
30,80,0
33,150,0
36,0,3
28,100,0
43,50,0
37,60,0
43,3,4
46,90,0
36,0,6
46,60,0
20,10,0
49,5,8
28,70,0
38,130,0
56,110,0
18,3,2
56,70,0
28,110,0
47,10,0
48,70,0
60,50,0
45,80,0
23,20,0
39,110,0
64,50,0
28,50,0
69,50,0
22,60,0
21,70,0
46,20,5
31,50,0
27,90,0
41,60,0
41,100,0
21,10,3
16,20,0
31,100,0
55,100,0
20,10,4
24,70,0
31,100,0
49,100,0
5,2,6
46,70,0
43,100,0
41,100,0
55,60,0
57,50,0
24,20,1
43,3,2
24,50,0
22,0,3
30,40,0
0,100,0
50,10,2
45,60,0
38,100,0
23,70,0
24,70,0
39,90,0
45,100,3
28,10,7
29,80,0
23,110,0
26,90,0
46,90,0
54,0,0
32,50,1
33,120,0
21,50,0
32,90,0
29,3,3
32,90,0
30,40,0
16,20,0
26,10,5
37,50,0
31,40,0
34,80,0
55,80,0
49,5,0
25,10,5
38,100,0
57,50,0
28,30,0
32,60,0
26,70,0
58,10,0
20,20,0
41,3,7
43,80,0
39,5,3
33,100,0
17,20,0
28,90,0
55,70,0
51,100,0
64,50,0
30,100,0
51,110,0
37,60,0
26,80,0
36,40,0
40,0,0
25,50,0
43,50,0
21,5,0
13,20,0
43,60,0
30,50,0
26,90,0
19,100,6
32,70,0
44,100,3
17,20,0
28,10,5
40,30,1
44,100,0
36,70,0
20,90,0
70,40,0
42,50,0
58,0,3
37,90,0
43,80,0
31,50,0
32,70,0
62,50,0
25,50,0
32,100,0
46,20,1
43,100,0
53,100,3
28,100,0
44,100,0
32,100,0
18,20,0
21,130,0
33,70,0
75,50,0
48,110,0
63,100,0
27,0,4
50,80,0
30,60,0
56,110,0
41,60,0
36,50,0
31,40,0
38,70,0
37,60,0
46,80,0
59,80,0
45,50,0
29,30,0
69,3,0
24,100,0
26,70,0
40,3,2
32,100,1
39,70,0
53,50,0
55,80,0
44,80,0
24,0,5
31,50,0
27,70,0
31,90,0
31,30,0
17,3,7
25,30,0
20,70,0
44,110,0
22,100,0
47,70,0
30,100,0
23,90,0
25,60,0
53,80,8
36,100,3
34,100,1
49,100,0
51,90,0
65,50,0
60,30,0
50,50,0
17,20,0
59,30,0
49,10,6
18,3,0
50,100,0
20,60,0
41,5,6
24,10,4
67,50,1
48,100,3
10,2,0
42,100,0
17,0,1
73,50,0
31,10,4
30,60,0
59,60,0
75,50,0
71,100,0
51,110,0
43,100,0
24,80,0
32,100,0
42,100,0
42,30,0
35,50,0
47,90,0
34,30,1
39,100,0
46,70,0
69,50,0
40,100,0
38,70,0
35,70,0
76,50,0
46,100,0
53,100,0
69,50,0
52,100,0
82,30,0
20,3,8
56,100,3
60,100,0
23,100,0
43,100,0
24,0,1
22,90,0
31,70,0
19,100,9
21,70,0
69,50,0
18,0,3
27,100,0
24,20,2
41,10,7
29,100,0
65,50,0
48,110,0
5,2,0
12,20,0
49,70,0
29,60,0
47,30,0
25,5,0
58,100,0
39,110,0
39,50,0
52,100,0
53,100,0
25,0,7
23,60,0
11,100,0
23,3,8
28,30,0
47,100,0
41,100,0
32,100,0
26,30,2
58,50,0
42,3,9
23,80,0
47,50,0
61,50,0
31,100,0
65,50,0
51,10,1
25,100,2
34,80,0
67,3,3
71,50,0
42,100,0
64,50,0
52,110,0
50,50,0
46,0,10
11,2,0
42,100,4
54,70,0
33,100,0
45,100,0
51,100,0
53,80,0
26,30,0
24,10,2
34,30,3
70,40,0
33,100,0
37,110,0
36,60,3
25,50,0
16,20,0
30,90,0
24,60,0
81,100,0
43,0,7
27,60,0
46,100,0
30,100,0
59,50,0
28,100,0
55,100,1
25,80,0
26,10,3
37,50,0
45,110,0
49,100,0
32,10,3
15,20,0
26,50,0
34,100,2
20,50,0
24,100,0
45,100,0
25,10,1
69,100,0
29,100,0
31,70,0
37,3,3
57,130,0
51,70,0
17,0,6
40,100,0
25,40,2
42,100,0
34,40,1
19,10,1
10,2,6
42,140,0
28,100,0
43,3,0
24,50,0
35,110,0
68,50,0
24,50,0
30,120,0
43,60,0
40,110,0
19,60,0
32,90,0
26,110,0
12,20,0
50,50,0
22,50,0
53,50,0
68,50,0
48,110,0
36,50,3
33,3,6
60,50,0
23,3,7
56,100,0
56,80,0
30,20,3
56,100,0
999,3,0
47,100,0
25,50,3
44,80,0
37,40,1
29,100,0
46,110,0
1,2,0
23,50,0
43,30,0
40,60,0
51,120,0
39,100,8
26,60,0
42,10,1
18,60,0
27,50,0
23,30,1
54,90,0
37,120,0
49,30,0
60,100,0
24,50,0
45,5,0
34,80,0
63,50,0
24,5,0
70,50,0
48,1,7
40,100,0
42,5,0
36,110,0
50,80,0
35,100,0
39,100,0
39,3,3
50,100,0
42,130,0
35,90,0
47,100,0
28,80,0
56,50,0
44,90,0
54,50,0
18,20,0
47,100,0
78,5,0
46,100,0
36,10,0
20,20,0
40,60,0
66,50,0
47,3,3
47,10,1
50,50,0
48,70,0
67,50,0
30,100,0
49,60,0
21,50,0
75,5,0
16,20,0
12,20,0
20,20,0
37,70,0
26,60,0
16,20,0
44,80,0
68,50,0
48,3,3
13,2,0
20,50,0
53,60,0
35,100,0
65,50,0
9,2,0
29,100,0
24,40,0
33,80,1
23,3,3
49,50,0
19,1,3
35,100,0
51,70,0
27,60,0
26,50,0
56,100,0
34,100,0
43,100,0
51,50,0
17,20,0
65,50,0
48,70,0
31,110,0
33,80,0
26,100,0
43,80,0
69,3,3
31,100,0
47,70,0
17,100,0
9,2,0
34,100,0
31,100,0
39,40,0
70,50,0
25,60,0
50,100,0
52,100,0
36,70,0
41,100,0
71,50,0
39,0,5
28,100,0
43,60,0
30,100,0
21,110,0
58,100,0
17,20,0
23,100,0
27,50,0
36,100,0
63,100,7
54,50,0
25,50,0
32,70,0
32,100,0
33,20,0
66,20,2
33,100,0
25,30,1
32,2,0
47,0,0
29,60,0
30,60,0
42,100,0
66,10,5
30,100,1
55,100,0
41,40,0
39,70,0
0,100,0
42,90,0
33,30,2
23,100,0
70,50,0
65,50,0
38,0,3
29,80,0
42,90,0
45,100,0
23,10,5
63,50,0
41,70,0
29,90,0
37,110,0
41,90,0
31,60,0
29,30,0
29,50,0
0,2,0
54,100,3
59,50,0
43,70,0
23,50,0
34,70,0
24,30,0
27,90,0
26,60,0
31,100,0
32,80,0
21,0,1
49,70,0
22,100,0
50,100,0
24,90,0
41,70,0
31,30,1
59,50,0
48,70,0
37,60,0
33,80,0
56,90,0
19,100,2
59,50,0
27,50,0
19,90,0
53,140,0
33,50,0
40,110,0
65,100,0
40,100,0
41,90,0
64,50,0
50,50,0
0,90,0
21,60,0
48,50,0
20,50,0
34,60,0
20,100,0
55,100,0
22,3,7
44,80,0
43,80,0
50,100,0
30,70,0
23,60,0
16,20,0
79,5,0
32,100,0
32,100,0
27,50,0
69,50,0
73,30,0
25,5,1
35,100,8
39,30,0
41,90,0
60,100,3
36,80,0
47,50,0
41,100,0
67,50,0
24,50,0
48,100,0
35,100,0
52,100,0
31,0,1
44,50,0
61,50,0
13,20,0
21,70,0
47,30,0
42,70,0
35,100,0
80,3,7
32,100,3
45,70,0
47,30,0
35,70,0
17,0,4
44,100,0
37,30,0
42,70,0
47,10,5
69,50,0
43,50,0
49,100,0
53,90,0
31,60,0
48,70,0
33,100,0
33,100,0
26,50,0
34,100,1
25,50,0
28,0,9
32,100,0
34,100,2
63,100,0
25,60,0
35,50,0
31,100,0
29,3,4
16,20,0
38,10,4
28,30,0
71,50,0
23,100,1
27,50,0
35,5,10
27,110,0
57,90,0
38,100,0
30,50,0
16,20,0
53,80,0
38,130,0
21,20,0
51,130,0
37,170,0
43,70,0
36,60,0
16,20,0
17,20,0
46,100,0
32,100,0
17,20,0
31,60,0
27,100,0
36,100,0
58,30,0
42,80,0
45,100,0
43,100,0
44,160,0
31,50,0
30,100,0
30,100,0
36,10,9
17,20,0
22,50,0
34,100,0
40,110,0
48,40,3
29,100,0
28,70,0
20,3,3
48,100,0
27,0,2
32,0,1
26,60,0
0,60,0
24,100,0
27,40,1
51,100,0
28,30,1
13,1,5
43,0,4
16,20,0
25,100,0
34,3,6
44,80,0
45,50,0
30,50,0
27,100,0
43,50,0
44,100,0
66,100,0
37,90,0
20,100,0
62,70,0
43,80,0
21,50,0
20,100,0
30,30,0
19,100,0
46,100,0
42,60,0
30,110,0
24,80,0
23,3,4
42,70,0
40,20,1
35,100,0
27,10,3
62,10,6
33,60,0
54,60,0
41,80,0
62,50,0
29,90,0
26,60,0
25,70,0
16,0,7
28,50,0
49,70,0
31,90,0
22,0,6
26,100,0
16,100,0
67,50,0
30,3,0
49,30,0
24,50,0
20,10,0
44,100,0
33,60,0
42,90,0
55,50,0
22,50,0
61,50,0
40,110,0
21,3,6
42,10,3
39,5,0
25,50,0
59,110,0
49,100,8
27,50,1
46,50,0
43,3,3
14,20,0
35,110,0
25,80,0
25,50,0
999,100,0
32,90,0
31,50,0
41,40,0
28,90,0
61,30,0
19,100,7
11,2,0
0,100,0
13,20,0
53,50,0
53,100,0
29,100,0
76,5,0
68,30,4
30,10,5
21,0,6
39,100,0
22,50,0
29,130,0
28,70,0
44,130,0
60,50,0
62,30,0
18,100,0
58,50,0
43,100,0
56,3,3
44,100,0
23,3,3
25,40,0
40,80,0
31,60,0
46,30,0
68,100,0
66,50,0
15,20,0
31,50,0
30,30,1
48,100,0
33,50,0
26,100,0
46,60,0
25,100,4
50,50,0
74,50,0
31,70,0
56,90,0
34,100,0
59,50,0
27,40,1
61,100,0
35,90,0
0,20,0
49,100,0
12,20,0
33,50,0
36,80,0
18,20,1
42,70,0
41,40,1
22,100,0
25,100,0
36,100,0
54,60,0
33,10,3
22,50,0
45,110,0
34,80,0
39,30,0
23,40,0
52,100,0
15,20,0
43,80,0
19,70,0
37,2,0
50,50,0
8,2,0
29,110,0
30,110,0
999,100,0
16,100,5
18,3,7
26,100,0
51,100,7
32,90,0
59,50,0
44,30,0
68,50,0
48,100,0
28,90,0
64,5,10
33,100,4
26,100,0
41,100,0
35,50,0
31,100,0
40,80,1
36,90,0
27,90,0
18,20,0
43,100,0
35,60,0
34,100,0
60,50,0
34,50,0
15,100,0
0,100,0
28,100,0
27,100,0
37,90,0
24,100,0
25,70,0
999,100,0
25,110,0
60,50,0
29,50,0
32,90,0
58,0,6
21,40,0
41,100,0
45,3,7
33,70,0
27,140,0
18,3,0
24,100,0
33,50,0
21,90,0
32,70,0
30,30,3
1,100,0
40,100,0
20,100,0
0,90,0
50,60,0
25,100,0
61,50,0
22,110,0
34,90,0
47,130,0
18,20,0
37,110,0
33,60,0
46,70,0
26,0,3
38,100,0
20,0,1
73,50,0
66,50,0
22,3,2
61,50,0
37,70,0
28,70,0
31,60,0
16,90,0
33,10,3
19,30,0
24,50,0
56,80,0
46,3,7
28,100,6
17,20,0
12,20,0
58,3,10
21,10,2
22,0,7
22,80,0
24,80,0
41,100,0
22,3,0
51,80,0
49,50,0
44,50,0
47,90,0
21,100,0
42,80,0
39,160,0
47,40,1
52,90,0
35,90,0
24,110,0
40,100,0
27,60,0
26,100,0
52,100,1
38,3,0
51,90,0
67,50,0
54,100,0
45,100,0
40,50,0
28,100,0
64,50,0
56,90,0
37,130,0
46,110,0
35,3,8
21,40,0
53,30,0
50,100,0
42,100,0
52,50,0
24,100,0
37,110,0
19,100,0
39,100,0
22,100,0
40,100,0
44,80,0
35,60,0
48,90,0
23,50,0
51,110,0
24,60,0
69,50,0
70,50,0
62,50,0
48,30,0
54,60,0
37,100,1
46,100,0
25,100,2
70,50,0
44,10,1
55,100,9
33,110,0
53,80,0
50,100,0
27,100,0
25,100,0
21,100,0
18,20,0
12,20,0
4,200,0
32,50,0
45,30,0
26,100,0
53,100,0
49,20,4
47,100,0
55,80,0
22,130,0
31,100,0
43,120,0
23,40,0
45,100,0
34,60,0
47,40,0
51,60,0
27,60,0
70,50,0
70,50,0
41,100,0
44,100,0
50,100,3
48,100,0
25,0,5
52,0,3
40,100,0
48,150,0
40,60,0
69,100,0
43,70,0
30,50,0
34,90,0
41,100,0
41,50,0
29,90,0
18,10,1
67,50,0
33,120,0
58,50,0
23,60,0
41,100,4
28,40,0
34,100,0
33,50,0
13,20,0
63,100,0
43,100,0
59,50,0
18,100,0
31,100,0
59,100,0
38,160,0
29,100,0
42,70,0
26,100,0
37,110,0
43,70,0
25,3,8
31,100,0
38,0,6
10,2,0
46,0,2
28,90,0
27,50,0
20,20,0
24,10,4
79,40,0
19,100,0
27,0,4
51,100,0
49,100,1
33,70,0
24,5,0
50,130,0
22,100,3
69,90,0
28,100,6
69,50,0
38,40,1
37,90,0
21,20,2
29,100,0
22,80,0
60,100,0
24,50,0
21,90,0
27,100,0
47,140,1
36,90,0
48,50,0
29,80,0
34,100,0
24,10,2
68,50,0
35,100,0
19,100,0
66,30,0
27,100,0
42,70,0
27,110,0
31,3,7
16,20,0
29,70,0
27,100,0
23,60,0
24,60,0
34,0,4
70,50,0
19,5,8
40,40,0
39,90,0
59,80,0
27,90,0
0,90,0
48,100,0
23,3,3
48,110,0
23,50,0
34,0,4
41,50,0
52,100,3
28,60,0
41,50,0
53,80,0
54,100,0
79,50,0
999,90,0
30,1,10
39,60,0
34,60,0
19,90,0
70,50,0
46,100,3
56,100,0
29,50,0
33,50,0
45,60,0
31,80,0
62,90,0
45,100,0
47,110,0
63,100,0
63,50,0
46,50,0
0,50,0
59,100,7
25,70,0
26,120,0
52,50,0
999,3,0
31,100,3
31,0,0
29,5,6
43,90,0
35,100,0
48,10,3
14,20,0
21,50,0
68,50,0
31,100,0
69,100,0
36,100,0
54,10,2
53,120,0
79,50,0
28,30,1
33,40,0
13,20,0
30,50,0
54,60,0
46,100,0
66,50,0
51,100,3
26,50,0
47,100,0
53,110,0
13,20,0
22,5,6
58,60,0
35,100,0
42,3,7
61,50,0
43,30,0
54,100,0
0,10,3
29,100,0
44,50,0
43,30,0
29,100,0
34,50,0
24,60,0
33,100,0
57,100,0
19,20,0
38,80,0
56,60,0
25,100,0
64,50,0
31,90,0
49,130,0
20,110,0
20,80,0
33,80,0
29,50,0
7,100,0
43,40,1
41,100,0
23,70,0
52,40,1
43,100,0
36,70,0
58,30,0
56,3,0
47,50,0
16,20,0
44,100,0
29,60,0
34,60,0
30,70,0
36,0,0
49,100,0
45,80,0
22,5,6
33,70,0
63,50,0
52,100,0
31,80,0
49,60,0
40,80,0
22,90,0
26,110,0
69,100,0
21,90,0
31,80,0
72,50,0
25,80,0
48,130,0
57,3,0
49,100,0
53,30,0
32,3,8
19,0,7
32,80,0
24,10,4
39,50,1
27,70,0
31,80,0
34,0,7
69,50,0
31,90,0
34,90,0
30,90,0
61,50,0
20,90,0
32,100,0
18,20,0
30,50,1
30,50,0
56,50,0
37,3,6
43,10,3
0,100,0
0,3,0
37,100,3
27,50,0
55,80,0
30,90,0
0,100,0
41,100,0
29,40,1
22,60,0
41,100,0
25,70,0
22,100,4
35,100,0
4,2,0
25,50,0
27,0,2
50,100,1
36,80,0
42,110,0
45,80,0
44,90,0
30,70,0
23,10,3
48,40,1
47,50,0
27,50,1
30,100,0
22,100,0
23,130,0
21,40,0
66,50,0
28,90,0
32,100,3
31,30,3
22,3,8
23,20,0
34,80,0
28,90,0
33,90,0
44,80,0
65,3,3
57,10,6
32,90,0
59,3,7
43,100,1
31,0,0
41,70,0
27,50,0
30,50,0
53,90,0
25,110,0
46,30,1
53,140,0
45,100,0
32,80,0
38,100,0
49,100,0
36,60,0
70,50,0
36,100,0
40,90,0
45,50,0
44,0,7
31,10,2
49,140,0
46,100,0
34,70,0
59,5,0
35,110,0
31,90,0
36,40,0
44,0,0
59,100,3
59,90,0
36,100,0
28,100,7
18,100,0
54,80,0
24,3,3
38,100,9
27,100,0
54,90,0
28,3,0
45,60,0
18,20,0
35,110,0
30,90,0
71,100,0
9,0,2
52,0,3
18,3,0
23,100,0
19,70,0
49,100,0
46,100,0
52,90,0
33,100,0
40,100,0
42,80,0
25,100,0
17,100,1
17,100,0
33,80,0
46,30,0
47,100,0
19,140,0
44,0,2
44,70,0
34,100,0
67,50,1
62,50,0
9,2,0
31,100,0
28,50,1
41,30,8
31,60,0
67,50,0
52,100,0
33,30,0
37,110,0
65,50,0
42,60,0
41,50,0
21,100,4
27,3,3
36,100,0
16,20,0
22,90,0
32,100,1
66,50,0
31,90,0
57,30,0
66,120,0
36,60,0
22,30,1
51,3,3
52,80,0
41,3,10
53,30,0
35,60,1
57,100,0
45,120,0
55,90,0
28,5,6
32,90,0
69,10,2
39,100,0
32,100,0
43,70,0
37,100,0
51,60,0
51,60,0
25,50,0
41,0,6
47,70,0
39,90,0
34,50,0
56,80,0
30,100,0
22,70,0
37,50,4
43,110,0
14,5,0
49,50,0
50,100,0
53,100,0
30,5,1
22,100,0
36,90,0
57,100,0
27,110,0
18,20,0
21,0,0
25,0,3
26,90,0
68,50,0
23,60,0
33,50,0
999,3,7
46,80,0
58,50,1
42,100,0
39,60,0
32,100,0
33,110,0
41,100,0
37,140,0
23,80,0
46,100,0
26,1,3
34,100,0
67,50,0
43,100,0
32,90,0
40,100,0
34,3,9
60,40,0
51,140,0
78,50,0
21,70,0
66,50,0
31,0,0
20,20,0
33,100,0
33,70,0
49,70,0
40,100,0
42,110,0
46,100,0
54,60,0
34,100,0
0,60,0
28,50,0
65,50,0
18,70,0
30,50,0
25,0,3
44,90,0
60,10,8
49,90,0
45,100,0
54,50,0
39,80,0
52,70,0
40,10,2
18,20,0
17,20,0
37,30,1
51,100,0
26,90,0
25,0,3
22,70,0
61,1,2
15,20,0
57,70,0
38,120,0
46,50,0
52,50,0
20,80,0
38,30,0
19,20,0
14,20,1
41,40,3
0,3,0
26,50,0
32,20,1
25,0,6
35,50,0
49,100,0
42,90,0
34,80,0
20,80,0
18,20,0
50,90,0
42,80,0
26,0,10
51,90,0
30,80,0
45,50,0
33,30,3
30,90,0
52,100,0
25,80,0
44,100,0
23,0,7
23,80,0
17,20,0
41,5,0
18,60,0
23,3,0
32,100,0
37,100,0
67,50,0
69,30,0
42,100,3
46,60,0
69,50,0
32,5,0
51,70,0
43,100,0
35,80,0
25,90,0
44,50,0
50,100,0
31,110,0
43,100,0
40,80,0
16,20,0
25,100,0
40,30,0
49,100,0
36,100,0
52,80,0
31,80,0
40,60,0
56,110,0
31,100,0
29,60,0
31,100,5
31,100,0
47,110,0
50,40,0
22,70,0
13,20,0
25,40,1
31,50,0
28,100,5
50,110,0
54,50,0
20,20,0
35,100,0
20,20,2
42,80,0
48,110,0
38,3,9
21,0,0
59,50,0
30,150,0
33,10,4
37,100,0
46,100,0
36,40,1
21,0,7
46,100,0
40,110,0
23,100,0
45,70,0
20,0,0
27,40,0
27,70,0
27,50,0
36,60,0
31,100,0
999,90,0
59,100,0
44,100,0
59,90,0
14,20,0
40,100,0
57,80,0
29,100,0
58,100,8
27,100,0
52,60,0
24,0,6
42,100,0
68,100,1
30,100,7
34,110,0
51,100,0
59,80,0
47,100,0
3,2,8
29,110,0
29,100,0
33,100,0
31,100,0
62,40,1
40,3,3
21,40,0
18,100,0
22,80,0
35,80,0
40,30,0
23,90,0
31,90,0
23,80,0
0,100,0
53,70,0
20,3,9
48,20,3
50,100,0
70,5,0
23,50,0
30,60,0
24,90,0
40,70,0
24,100,0
36,90,0
29,80,0
49,110,0
34,100,0
50,120,0
60,80,0
17,10,0
20,20,0
54,90,0
62,50,0
32,50,1
59,90,0
19,20,0
43,5,0
27,90,0
39,100,2
20,0,8
39,110,0
41,100,0
28,50,0
26,90,0
17,20,0
24,3,3
37,60,0
33,100,0
37,30,3
48,30,1
36,100,0
19,100,3
58,100,0
60,30,0
21,70,0
50,3,3
37,80,0
46,90,0
35,100,0
53,100,0
26,30,1
31,50,0
40,50,0
21,100,1
53,100,0
38,10,5
18,70,0
29,80,0
21,5,8
47,30,0
55,90,0
27,70,0
26,3,3
50,100,0
37,120,0
44,70,0
39,100,0
55,100,0
42,0,0
34,130,0
20,20,0
49,80,0
22,30,0
49,3,3
38,80,0
56,120,0
42,110,0
48,5,0
19,20,0
36,30,0
20,20,0
43,120,0
50,60,0
21,60,0
40,100,0
999,60,0
27,60,0
22,30,0
23,30,2
44,110,0
28,30,1
52,90,0
29,50,0
49,100,0
26,80,0
21,0,2
49,100,0
23,100,0
15,20,0
20,30,0
32,100,0
0,10,8
32,60,0
33,40,1
55,80,0
55,110,0
26,100,0
26,100,0
32,10,4
39,60,0
0,3,0
58,3,7
26,100,0
52,100,0
24,90,0
27,100,1
24,90,0
50,50,0
40,120,0
28,100,0
22,90,0
24,100,0
21,50,0
36,100,0
35,60,0
47,60,0
79,50,0
14,20,0
36,90,0
23,100,0
27,10,3
43,30,0
48,100,0
16,100,0
39,3,3
25,100,0
12,20,0
53,70,0
28,110,0
52,100,0
17,100,0
66,40,0
47,100,0
18,20,0
21,100,0
33,90,0
39,100,0
57,3,3
53,100,1
0,70,0
33,50,0
38,60,0
37,100,0
43,60,0
40,50,0
39,5,0
14,20,0
45,30,1
5,2,0
21,90,0
32,60,0
37,100,0
44,90,0
34,100,0
27,110,0
49,100,0
9,2,0
43,50,0
20,20,0
43,50,0
25,100,0
26,100,0
49,3,5
78,30,0
40,100,0
0,50,0
33,100,0
39,50,0
43,100,0
58,50,0
26,50,0
31,50,0
45,3,3
28,0,5
34,60,0
42,130,0
42,100,0
52,100,0
38,100,0
24,70,0
72,50,0
38,100,0
22,10,0
47,3,0
24,100,0
24,5,4
42,100,0
17,20,0
34,50,0
32,100,2
43,100,0
60,40,0
33,80,0
15,20,0
76,50,0
18,20,0
56,70,0
23,60,0
34,100,0
54,70,0
47,80,0
36,90,0
31,100,0
29,30,0
58,110,0
40,50,0
45,30,0
42,60,0
32,100,3
24,100,0
52,100,0
35,140,0
27,70,0
27,5,10
24,50,0
29,90,0
53,0,6
61,50,0
30,10,2
54,150,0
40,100,0
30,50,0
37,3,0
24,70,0
33,80,0
56,100,0
23,100,2
37,90,0
50,10,5
34,60,0
42,80,0
19,100,0
24,100,0
40,100,0
12,20,0
42,100,0
19,3,6
46,90,0
13,20,0
37,80,0
23,100,0
40,100,0
56,100,0
20,0,7
62,50,0
27,50,0
24,3,3
24,60,0
23,80,0
31,70,0
25,70,0
32,60,0
999,100,10
61,50,0
33,100,3
42,70,0
44,50,0
24,50,0
34,100,0
33,10,0
49,90,0
27,80,0
24,100,0
19,70,0
22,50,0
35,80,0
46,60,0
31,5,0
22,70,0
48,0,10
22,50,0
37,50,0
65,50,0
27,100,0
24,40,0
23,50,0
41,100,0
33,100,0
54,100,0
15,20,0
69,50,0
83,100,0
29,100,0
30,100,0
16,20,0
51,3,0
68,30,0
24,100,0
40,30,0
24,50,0
61,100,0
35,50,0
33,150,0
32,80,0
47,100,0
21,100,0
41,110,0
39,100,0
29,100,0
21,80,0
28,0,0
25,60,0
8,100,0
24,50,0
25,40,1
47,80,0
41,50,0
25,90,0
66,50,0
30,40,0
33,3,10
36,80,0
28,50,3
45,100,0
31,40,0
58,50,0
47,100,0
40,30,0
37,70,0
46,110,0
42,60,0
26,30,1
58,60,0
37,30,0
33,80,0
32,100,0
44,80,0
54,30,0
28,60,0
34,70,0
41,30,0
54,40,0
19,80,0
37,100,0
21,3,0
25,120,0
32,110,0
33,100,0
35,100,0
71,50,0
46,100,1
34,110,0
26,50,0
43,110,0
18,20,0
62,50,0
58,100,0
54,40,3
47,100,0
57,30,0
20,10,1
25,40,1
27,10,1
39,90,0
26,10,4
76,50,0
32,100,0
27,3,2
43,100,0
37,100,0
24,70,0
72,50,0
11,20,0
19,20,0
50,100,0
14,100,0
22,60,0
25,100,0
44,130,0
0,100,0
19,80,0
14,20,0
46,100,0
43,50,0
32,60,0
26,100,1
28,100,0
49,140,0
63,100,0
36,80,0
48,10,6
33,50,1
42,100,0
23,50,0
71,50,0
26,70,0
73,50,0
24,100,0
69,50,0
22,40,1
74,0,5
31,80,0
47,50,0
36,100,0
19,60,0
30,50,0
26,100,0
26,100,0
23,30,4
37,100,0
999,3,8
42,30,0
33,100,0
34,100,0
27,60,0
47,90,0
30,100,0
18,10,4
32,20,3
29,50,0
27,60,0
17,20,0
42,90,0
35,3,8
39,30,0
34,0,6
42,100,0
22,40,0
31,70,0
49,50,0
37,90,0
40,70,0
25,3,3
42,100,0
35,40,1
37,70,0
33,50,0
30,80,0
46,100,0
47,100,0
29,90,0
22,100,0
33,60,0
23,100,0
47,80,0
54,70,0
63,50,0
43,90,0
29,100,0
20,20,0
32,100,0
81,50,0
66,50,0
19,50,0
41,100,0
52,120,0
41,100,0
44,100,0
51,50,2
0,80,0
56,120,0
35,70,0
36,100,0
24,100,0
58,40,0
21,100,0
25,100,0
